tags,0
anthro,4377
female,4371
clothing,3613
clothed,3247
fur,3140
text,2914
hair,2844
smile,2714
male,2482
breasts,2381
tail,2340
simple_background,2238
tuft,2094
duo,2024
digitigrade,1899
chest_tuft,1869
dialogue,1854
nude,1744
white_background,1673
markings,1586
group,1389
solo,1288
open_mouth,1281
blush,1263
eyes_closed,1220
casual_nudity,1140
feet,1128
navel,1045
featureless_breasts,1031
spots,1027
holding_object,1016
spotted_body,957
spotted_fur,953
stripes,918
topwear,907
outside,906
bottomwear,890
white_body,889
white_fur,841
pawpads,831
plant,824
striped_body,801
sitting,789
striped_fur,789
brown_hair,756
inside,754
bodily_fluids,716
feral,715
barefoot,708
long_hair,702
tongue,687
claws,686
furniture,677
butt,674
looking_at_viewer,661
fingers,648
biped,640
standing,605
lying,603
topless,599
brown_body,577
brown_fur,576
horn,556
fluffy,542
speech_bubble,526
cleavage,525
teeth,520
5_fingers,512
orange_body,507
tree,505
orange_fur,504
heart_symbol,501
sweat,501
toes,497
headgear,483
blue_eyes,482
fluffy_tail,481
midriff,481
size_difference,480
featureless_crotch,477
multicolored_body,475
tongue_out,469
multicolored_fur,466
gloves_(marking),456
eyewear,449
paws,443
humor,436
alternate_species,428
clothed_female,424
yellow_eyes,418
shirt,414
container,413
countershading,410
clothed_anthro,408
detailed_background,398
eyebrows,393
embarrassed,391
4_toes,386
tail_markings,384
dress,382
food,379
looking_at_another,376
bed,371
toe_claws,366
water,365
open_smile,362
glasses,358
ambiguous_gender,352
skimpy,349
ponytail,345
crossgender,340
front_view,338
arm_tuft,336
cape,333
pivoted_ears,332
looking_back,331
collar,330
sound_effects,323
surprised,322
jewelry,321
on_back,320
headwear,316
hat,308
facial_tuft,303
nude_anthro,301
wings,301
clothed_male,301
on_bed,301
cheek_tuft,298
side_boob,295
armor,295
fully_clothed,290
young,290
leg_markings,290
small_breasts,289
socks_(marking),285
nude_female,283
underwear,283
beverage,279
window,278
male/female,275
nervous,273
translucent,272
pose,259
mtf_crossgender,256
rear_view,253
convenient_censorship,253
weapon,253
angry,251
grey_body,250
grey_fur,245
robe,244
pants,244
thought_bubble,244
short_hair,243
trio,243
holidays,241
translucent_hair,240
magic,239
sky,237
skirt,236
elbow_tuft,235
larger_female,235
eyebrow_through_hair,233
membrane_(anatomy),232
bare_shoulders,232
ears_back,232
pillow,230
membranous_wings,230
eyelashes,229
swimwear,229
solo_focus,227
abs,227
necklace,223
kneeling,220
black_body,219
one_eye_closed,216
topless_male,214
young_anthro,212
transformation,203
crossed_legs,202
blue_hair,199
annoyed,199
question_mark,199
tail_motion,198
furrification,197
smaller_female,196
raised_leg,195
tailwag,194
black_fur,191
shorts,191
duo_focus,190
spotted_markings,190
wide_eyed,187
shocked,185
wraps,184
bottomless,184
seductive,183
smirk,182
hug,179
partially_clothed,178
melee_weapon,177
looking_aside,177
gesture,176
blep,173
grin,173
one_leg_up,172
sweatdrop,172
cup,172
two-piece_swimsuit,171
hair_over_eye,171
confusion,171
yelling,171
wet,171
bikini,170
shoulder_tuft,169
green_eyes,168
collar_of_keidranification,168
covering,167
fangs,167
partially_submerged,167
one_eye_obstructed,166
female_anthro,166
social_nudity,164
finger_claws,163
fully_clothed_female,162
footwear,161
tan_body,161
leaning,160
heterochromia,159
tan_fur,159
hand_on_hip,158
glowing,158
spotted_tail,157
fully_clothed_anthro,155
ear_tuft,155
side_view,155
sleeping,155
anthrofied,155
smaller_male,150
grey_hair,150
blue_background,150
beach,149
on_side,149
grass,147
clothed/nude,146
pupils,146
on_front,144
snout,142
big_breasts,142
chair,142
legwear,141
holding_weapon,141
dipstick_tail,140
cloud,140
clothed_human,139
accessory,139
glass,139
glowing_eyes,137
handwear,137
collar_tag,136
striped_markings,136
night,136
long_tail,134
happy,134
towel,134
alcohol,132
ellipsis,132
bathing,131
seaside,131
narrowed_eyes,130
exclamation_point,130
loincloth,130
panties,130
covering_self,128
sign,127
stare,127
apron,126
interspecies,126
furgonomics,126
pauldron,126
hindpaw,125
forest,125
table,125
cloak,125
brown_eyes,125
helmet,124
inner_ear_fluff,124
gloves,121
fruit,120
striped_tail,119
flower,119
door,118
sword,117
gradient_background,117
vehicle,116
public,113
bra,112
casual_exposure,112
fire,112
brown_tail,111
after_transformation,111
hair_accessory,111
eye_contact,110
red_hair,110
book,110
scales,109
snow,108
mostly_nude,107
crossed_arms,107
bedroom,107
romantic,106
electronics,106
blush_lines,106
young_female,105
costume,105
border,105
carrying_another,104
mouth_closed,104
day,104
cuddling,103
glistening,102
slim,102
romantic_couple,102
larger_male,101
uniform,100
scarf,100
hand_gesture,100
chest_wraps,98
christmas_clothing,98
scared,98
public_nudity,97
onomatopoeia,96
lingerie,95
makeup,95
half-closed_eyes,95
bottle,95
slit_pupils,95
nude_male,94
ears_down,94
licking,93
shoes,93
black_sclera,93
multicolored_tail,93
winter,92
clenched_teeth,92
:3,92
raised_tail,91
muscular,90
fully_clothed_male,90
dessert,89
collarbone,88
motion_lines,88
glistening_eyes,88
arm_support,87
female/female,87
hands_behind_back,87
mentioned_character,87
building,87
slim_anthro,86
off_shoulder,86
cosplay,86
thigh_highs,86
sea,86
kissing,86
white_hair,85
human_on_anthro,84
black_spots,84
star,84
piercing,84
royalty,84
offscreen_character,84
christmas_headwear,83
stockings,82
ear_piercing,82
slim_female,82
lamp,82
santa_hat,81
blonde_hair,81
leaning_forward,80
holding_container,80
bedding,80
breast_size_difference,79
under_covers,79
laugh,78
curled_up,78
black_hair,78
bandage,77
athletic,77
male_anthro,77
red_eyes,77
wet_body,77
restraints,76
hands_on_hips,76
hoodie,76
blood,76
substance_intoxication,76
pointy_ears,76
symbol,75
sofa,75
emanata,75
white_border,75
bite,74
tools,73
boxers_(clothing),73
crotch_lines,73
semi-anthro,72
saliva,72
light,72
hand_holding,72
drunk,71
magic_user,71
faceless_character,71
wet_fur,71
countershade_torso,70
scar,70
bedroom_eyes,70
fully_clothed_human,70
watercraft,70
iris,69
palm_tree,69
leaf,69
object_in_mouth,69
tears,68
moon,68
flirting,68
sad,68
pointing,68
brown_nose,68
belly,68
ventral_groove,67
hand_behind_head,67
leaning_backward,66
squish,66
coat,66
bathrobe,66
outdoor_nudity,65
leaning_on_elbow,64
musical_symbol,64
musical_note,64
steam,64
child,63
breast_squish,63
belt,63
medium_breasts,63
spreading,63
gender_transformation,62
topless_anthro,62
blue_line_art,62
spread_legs,62
all_fours,62
holding_melee_weapon,62
clothed_feral,62
bodypaint,62
femboy,62
mask,61
lounging,61
eating,61
bound,61
neck_muscles,61
braided_hair,61
empty_eyes,61
looking_up,61
closed_smile,60
collar_only,60
genitals,60
wood,60
curtains,60
sweater,59
candle,59
bangs,59
legs_up,59
aged_down,59
open_clothing,59
eyeliner,59
square_crossover,59
arms_bent,58
dancing,58
crown,58
necktie,58
looking_down,58
whiskers,58
shadow,57
bracelet,57
slim_male,57
floating,56
on_one_leg,56
slave,56
short_tail,56
pregnant,56
orange_eyes,56
cuff_(restraint),56
prick_ears,55
candy,55
silhouette,55
humanoid_hands,55
ranged_weapon,55
bent_legs,54
crystal,54
flat_chested,54
choker,54
ears_up,54
tail_coil,53
on_ground,53
towel_only,53
bdsm,53
white_belly,52
brush,52
knife,52
heart_clothing,52
pink_pawpads,52
screaming,52
unimpressed,52
face_to_face,51
ribbons,51
frown,51
arched_back,51
hood,51
mountain,51
age_difference,51
facial_markings,50
head_markings,50
vest,50
penis,50
two_tone_body,50
heart_underwear,50
red_blush,50
open_topwear,50
talking_to_another,50
green_hair,50
lantern,49
pelvic_curtain,49
muscular_male,49
corset,49
holding_cup,49
bottomless_female,49
drinking,48
wink,48
larger_anthro,48
larger_feral,48
high-angle_view,48
on_lap,48
leg_tuft,47
feathers,47
dominant,47
raining,47
ship,47
conjoined_speech_bubble,47
holding_sword,47
knock-kneed,47
rock,47
implied_transformation,47
partially_clothed_anthro,47
soles,47
holding_beverage,47
drooling,47
naturally_censored,46
flower_in_hair,46
big_ears,46
sex,46
kiss_on_lips,46
ftm_crossgender,46
three-quarter_view,46
fail,46
facial_hair,46
hand_on_shoulder,46
shrub,45
pecs,45
two_tone_fur,45
erection,45
ear_markings,45
teeth_showing,45
foot_wraps,45
footprint,44
sand,44
box,44
undressing,44
multicolored_ears,44
against_surface,44
pain,44
pajamas,44
apron_only,44
mistletoe,44
species_transformation,44
running,44
tribal,43
wounded,43
meat,43
young_feral,43
mirror,43
flying,43
blanket,43
heart_boxers,43
nightcap,43
coffee,43
black_nose,42
t-shirt,42
socks,42
tail_censorship,42
polearm,42
covering_crotch,42
goggles,42
bowl,41
suit,41
male/male,41
dipstick_ears,41
painting,41
black_stripes,41
shackles,41
tail_gesture,41
crying,40
name_in_dialogue,40
mature_female,40
light_body,40
micro,40
spread_wings,40
smoke,40
wide_hips,40
adolescent,40
name_drop,40
curled_tail,39
white_scales,39
dominant_female,39
swimming_trunks,39
bikini_top,39
hair_between_eyes,39
covering_breasts,39
tail_boner,39
loose_feather,39
holding_food,39
armwear,39
on_sofa,39
nude_modelling,39
spotted_arms,38
feralized,38
submissive,38
spear,38
hand_on_head,38
under_boob,38
tail_grab,38
on_chair,38
reading,37
mascara,37
boots,37
beer,37
maid_uniform,37
tail_tuft,37
topless_female,37
christmas_tree,37
smaller_human,37
hot_spring,37
nuzzling,37
nom,37
bent_over,37
bell,37
basket,37
white_tail,37
walking,37
faceless_male,36
stretching,36
orange_tail,36
gift,36
personal_grooming,36
pawprint_collar_tag,36
antlers,36
bondage,36
question,36
flying_sweatdrops,36
house,35
grey_eyes,35
bone,35
pink_nose,35
kitchen_utensils,35
sunglasses,35
clothed_humanoid,35
pockets,35
aged_up,35
interrobang,35
wind,34
shaking,34
tan_hair,34
jacket,34
hands_behind_head,34
headphones,34
reflection,34
body_swap,34
light_fur,34
attack,34
hand_in_pocket,34
plantigrade,33
smaller_feral,33
soft_abs,33
black_clothing,33
pawprint,33
antenna_hair,33
smug,33
pendant,33
dark_body,33
smaller_anthro,33
spread_arms,33
looking_back_at_another,32
glass_container,32
crouching,32
mtf_transformation,32
glass_cup,32
5_toes,32
amber_eyes,32
neonate,32
prince,32
autumn,32
tray,32
bow_ribbon,32
thinking,32
parody,31
athletic_female,31
bucket,31
notched_ear,31
macro,31
levitation,31
hand_wraps,31
low-angle_view,31
side_butt,31
purple_hair,31
head_tuft,31
black_pawpads,31
bath,31
whisker_spots,31
forked_tongue,31
spotted_legs,31
hiding,31
facial_scar,31
talking_to_viewer,31
bag,31
tail_between_legs,30
rope,30
first_person_view,30
hand_on_breast,30
miniskirt,30
tank_top,30
v-cut,30
bow_tie,30
muscular_female,30
vulva,30
orange_hair,30
plate,30
flustered,30
sandals,30
floor,30
computer,30
bent_arm,30
male_human,30
one-piece_swimsuit,30
mane,30
phone,30
whispering,29
lying_on_bed,29
looking_back_at_viewer,29
princess,29
canon_couple,29
looking_at_self,29
bikini_bottom,29
close-up,29
spotted_ears,29
curvy_figure,29
ahoge,29
eyelashes_through_hair,29
plushie,29
long_ears,29
cleaning_tool,29
elbow_gloves,28
dakimakura,28
teasing,28
older_female,28
extended_arm,28
explosion,28
open_shirt,28
romantic_ambiance,28
breaking_the_fourth_wall,28
glint,28
hand_behind_back,28
branch,27
torn_clothing,27
sculpture,27
wall_(structure),27
monotone_body,27
tail_hug,27
bubble,27
motion_outline,27
disembodied_hand,27
shoulder_blades,27
skinny_dipping,27
extended_leg,27
waterfall,27
penetration,27
looking_at_object,27
countershade_fur,27
waking_up,27
acting_like_a_cat,27
licking_lips,27
shower,27
fight,27
swimming_pool,27
indoor_nudity,26
purse,26
shy,26
on_top,26
self_lick,26
genital_fluids,26
submissive_male,26
translucent_clothing,26
relaxing,26
sharp_teeth,26
pen,26
dark,26
bent_leg,26
spotted_butt,26
infatuation,26
kissing_bough,26
massage,26
raised_eyebrows,26
falling,26
partially_clothed_male,26
looking_at_partner,26
pattern_clothing,26
leash,26
backpack,25
river,25
witch_hat,25
purple_eyes,25
black_scales,25
anklet,25
cellphone,25
featureless_chest,25
easel,25
garter_straps,25
pointy_speech_bubble,25
jumping,25
red_body,25
cooking,25
rose_(flower),25
extended_arms,25
eye_patch,25
brown_spots,25
umbrella,25
unconscious,25
greeting,25
cape_only,25
quadruped,25
tent,25
mature_anthro,25
food_in_mouth,25
tail_in_mouth,25
thick_tail,25
balcony,25
death,25
young_male,25
cutlery,25
pond,25
city,24
green_clothing,24
bird's-eye_view,24
blue_text,24
hair_bun,24
forced,24
jack-o'-lantern,24
drinking_glass,24
gun,24
intraspecies,24
thumbs_up,24
balls,24
floppy_ears,24
faceless_female,24
swimming,24
tail_bite,24
guard,24
thigh_gap,24
sunlight,24
pubic_mound,24
white_text,24
creating_art,24
back_to_back,24
covering_face,24
paper,24
hair_ribbon,23
sun_hat,23
penile,23
vowelless,23
eye_scar,23
ring,23
goatee,23
sunset,23
tiara,23
presenting,23
red_clothing,23
tail_through_skirt,23
smaller_ambiguous,23
bar,23
pink_clothing,23
thick_thighs,23
wine,23
underwear_only,23
bandeau,23
bow_(feature),23
blue_sky,23
elemental_manipulation,23
surprise_kiss,23
blue_border,23
staff,23
clothing_lift,22
coin,22
username,22
showering,22
partially_clothed_female,22
waiter,22
monotone_fur,22
holding_glass,22
backless_dress,22
kitchen,22
female_on_human,22
asking_another,22
asking,22
tomboy,22
wet_hair,22
fireworks,22
male_on_anthro,22
topwear_only,22
stool,22
daww,22
controller,22
neck_tuft,22
hair_bow,22
gold_(metal),22
breasts_frottage,22
breath,22
chain,21
feather_in_hair,21
beard,21
stairs,21
ball,21
ring_piercing,21
christmas_decorations,21
glare,21
fire_manipulation,21
holding_book,21
white_inner_ear,21
gem,21
pregnant_female,21
tasteful_nudity,21
family,21
human_focus,21
black_tail,21
autumn_leaves,21
worried,21
throne,21
arm_wraps,21
nut_(fruit),21
wavy_mouth,21
crowd,21
muscular_anthro,21
anthro_on_anthro,21
curved_tail,21
money,21
apple,21
east_asian_clothing,21
asian_clothing,21
younger_female,21
wardrobe_malfunction,21
restrained,21
aroused,21
flexing,20
tail_accessory,20
pink_tongue,20
not_furry_focus,20
crossdressing,20
nature,20
toeless_footwear,20
toeless_legwear,20
tea,20
tribal_clothing,20
small_waist,20
holding_tail,20
holding_tray,20
leopard_spots,20
fork,20
hugging_object,20
smartphone,20
humanoid_pointy_ears,20
chips_(food),20
only_one_nude,20
pirate,20
witch,20
bottomless_anthro,20
arrow_(weapon),20
bed_sheet,20
blindfold,20
ass_up,20
blue_clothing,20
butt_pose,20
alternative_fashion,20
card,19
ear_ring,19
toony,19
species_in_dialogue,19
cake,19
social_grooming,19
comparison,19
doll,19
looking_pleasured,19
being_watched,19
store,19
vocalization,19
grey_tail,19
school_uniform,19
singing,19
athletic_anthro,19
dark_skin,19
covering_eyes,19
athletic_male,19
inner_monologue,19
knee_tuft,19
back_groove,19
lace,19
breath_powers,19
biceps,19
bench,19
fake_beard,19
fire_breathing,19
foreskin,19
santa_costume,19
yellow_body,19
no_pupils,19
red_fur,19
nervous_sweat,19
chart,19
biting_lip,19
scut_tail,18
fog,18
holding_clothing,18
pregnant_anthro,18
green_topwear,18
restaurant,18
4_fingers,18
acorn,18
face_lick,18
hugging_another,18
young_ambiguous,18
spread_toes,18
humanoid_penis,18
foot_fetish,18
humanoid_genitalia,18
boop,18
vowelless_sound_effect,18
breast_envy,18
caprine_horn,18
monitor,18
petting,18
tail_under_skirt,18
number,18
bovid_horn,18
cocktail,18
appliance,18
blood_in_mouth,18
drunk_bubble,18
yellow_fur,18
water_drop,18
blood_from_mouth,18
evening_dress,18
poster,17
spotted_cheeks,17
crossover_cosplay,17
brown_clothing,17
not_furry,17
non-mammal_breasts,17
anal,17
broom,17
clasped_hands,17
overalls,17
motion_blur,17
landscape,17
metal_cuffs,17
writing_text,17
larger_ambiguous,17
skull,17
village,17
hugging_pillow,17
growling,17
toeless_stockings,17
head_turned,17
electricity,17
gold_jewelry,17
hip_dips,17
black_background,17
stuttering,17
pigtails,17
print_clothing,17
hourglass_figure,17
^_^,17
hair_on_shoulders,17
on_glass,17
boat,17
statue,17
raised_calf,17
inflatable,17
white_clothing,17
curling_toes,17
fist,16
female_human,16
chocolate,16
oblivious,16
police,16
blocky_snout,16
queen,16
tired,16
black_eyebrows,16
tassels,16
fur_markings,16
sundress,16
pumpkin,16
dating_sim,16
trio_focus,16
spotted_back,16
leaning_on_edge,16
crossed_bangs,16
crop_top,16
wavy_tail,16
cute_fangs,16
presenting_hindquarters,16
countershade_face,16
snowing,16
holding_ranged_weapon,16
barrel,16
looking_away,16
machine,16
roleplay,16
doorway,16
tube_top,16
dream,16
imminent_sex,16
harness,16
fence,16
zzz,16
rubber_duck,16
3_toes,16
against_wall,16
chasing,16
panty_shot,16
over_edge,16
handcuffs,15
hand_on_leg,15
car,15
pool,15
luxury,15
growth,15
petals,15
pizza,15
candy_cane,15
black_ears,15
underwater,15
sunscreen,15
tavern,15
smiling_at_another,15
frilly,15
black_topwear,15
foot_play,15
neck_bow,15
campfire,15
blue_topwear,15
abstract_background,15
portal,15
lineup,15
cum,15
scratching,15
denim,15
starry_sky,15
denim_bottomwear,15
denim_clothing,15
roaring,15
desk,15
jeans,15
predator/prey,15
kitchen_appliance,15
backless_clothing,15
lake,15
upskirt,15
back_dimples,15
tropical,15
holding_phone,15
holding_gun,15
bridge,15
creek,15
touching_hair,15
submissive_female,15
hip_tuft,15
hill,15
suggestive,15
upside_down,15
in_container,15
yellow_sclera,15
raised_arms,15
alternate_universe,15
feathered_wings,15
fireplace,15
stick,14
string_bikini,14
axe,14
humanized,14
holding_leash,14
sunbathing,14
gate,14
visible_self,14
transparent_background,14
holding_polearm,14
in_tree,14
possession,14
heart_eyes,14
snowman,14
sack,14
holding_spear,14
wave,14
deltoids,14
back_muscles,14
ladder,14
cocktail_garnish,14
yes-no_question,14
accident,14
fully_clothed_humanoid,14
monotone_hair,14
fursuit,14
paintbrush,14
in_cup,14
cast_shadow,14
butt_heart,14
reaching,14
in_beverage,14
chalkboard,14
stealing,14
sitting_on_bed,14
biting_own_lip,14
nipples,14
hooves,14
poking,14
anal_penetration,14
brown_pawpads,14
tentacles,14
king,14
holding_brush,14
cage,14
ventral_scales,14
water_ripple,14
strapless_clothing,14
no_underwear,14
pink_underwear,14
hair_covering_breasts,14
self_bite,14
raised_fur,14
bow_(weapon),13
green_shirt,13
game_controller,13
long_tongue,13
female_focus,13
brown_bottomwear,13
photo,13
long_snout,13
fuzzy_handcuffs,13
microphone,13
jealous,13
arms_above_head,13
paws_in_socks,13
ball_of_yarn,13
round_bed,13
purple_background,13
wedding_dress,13
entwined_tails,13
ear_bite,13
male_penetrating,13
road,13
police_uniform,13
bent_wrist,13
different_sound_effects,13
pointing_at_self,13
trembling,13
female_on_anthro,13
petplay,13
wheat,13
livestream,13
bathroom,13
blushing_profusely,13
yarn,13
painting_(object),13
raised_hand,13
voyeur,13
turkey_meat,13
tsundere,13
holding_arm,13
panicking,13
awkward,13
slightly_chubby,13
waitress_uniform,13
fancy_clothing,13
crossed_ankles,13
stuck,13
floating_rocks,13
dark_hair,13
clock,13
yawn,13
caught_in_the_act,13
morning,13
bow_accessory,13
butt_dimples,13
drinking_straw,13
oversized_clothing,12
ripples,12
palace,12
holding_bottle,12
hands_above_head,12
walk-in,12
wood_floor,12
dimple,12
suspension,12
voluptuous_female,12
egg,12
holding_controller,12
paint,12
howl,12
leaning_on_another,12
toy,12
fishing_rod,12
kerchief,12
head_on_pillow,12
horizon,12
vaginal,12
pinned,12
drawn_over,12
awoo,12
bathtub,12
countershade_tail,12
striped_arms,12
looking_around_corner,12
hand_under_chin,12
looking_ahead,12
leotard,12
vaginal_fluids,12
torch,12
public_exposure,12
halo,12
pounce,12
skirt_lift,12
voluptuous_anthro,12
handpaw,12
breast_expansion,12
purring,12
garland,12
snoring,12
flexible,12
bar_emanata,12
arm_grab,12
expansion,12
brushing,12
intersex,12
on_head,12
wheat_in_mouth,12
clothing_pull,12
parasol,12
female_penetrated,12
anus,12
thoughtful_expression,12
relaxed_expression,12
slit_dress,12
multiple_poses,12
raised_head,12
animal_noises,12
nosebleed,12
telepathy,12
oral,12
fake_ears,12
fake_horns,12
nose_boop,12
pretzel_(food),12
sex_toy,12
date,12
bar_stool,12
bookshelf,12
riding,12
overalls_only,12
balancing,12
cane,12
stalking,12
sled,11
light_beam,11
imminent_pain,11
imminent_kiss,11
pink_blush,11
wavy_smile,11
panting,11
path_lines,11
spikes,11
burger,11
butt_from_the_front,11
lightning,11
wire,11
dark_fur,11
raised_eyebrow,11
headpat,11
headdress,11
buckteeth,11
barmaid,11
sun,11
licking_own_lips,11
pier,11
male_penetrating_female,11
urban,11
quill,11
blue_shirt,11
bare_butt,11
sports_bra,11
male/ambiguous,11
slight_smile,11
on_shoulder,11
blockage_(layout),11
panel_skew,11
pink_panties,11
climbing,11
split_form,11
male_penetrated,11
slightly_chubby_female,11
facepalm,11
one_breast_out,11
body_control,11
thin_tail,11
ftm_transformation,11
ambiguous_feral,11
drupe_(fruit),11
holly_(plant),11
sleeping_together,11
dressing,11
holding_towel,11
tape_measure,11
garden,11
inviting,11
coconut,11
wrist_wraps,11
entangled,11
hand_on_own_leg,11
gift_wrapped,11
looking_at_mirror,11
pushing,11
hand_on_face,11
wearing_glasses,11
bottomwear_down,11
fusion,11
hugging_from_behind,11
on_one_knee,11
orange_line_art,11
chest_binder,11
hair_over_eyes,11
acting_like_a_dog,11
bread,11
bold_text,11
hanging_breasts,11
thigh_socks,11
dripping,11
dairy_products,10
humanoid_feet,10
kick,10
on_towel,10
breasts_on_glass,10
street_lamp,10
bridal_carry,10
directional_arrow,10
cutlass,10
bare_arms,10
rose_petals,10
in_heat,10
holding_tool,10
strawberry,10
cave,10
spotted_face,10
steak,10
knot,10
bare_legs,10
on_shoulders,10
side_slit,10
breast_grab,10
information_board,10
japanese_clothing,10
bare_thighs,10
horizontal_blockage,10
jar,10
patreon_username,10
intimate,10
reading_book,10
shield,10
text_on_clothing,10
pink_background,10
slave_leia_costume,10
hairband,10
hairbrush,10
marriage_proposal,10
punch,10
contact_onomatopoeia,10
tablet_pen,10
micro_in_drink,10
spacesuit,10
black_ear_tips,10
shirt_only,10
mug,10
sparkles,10
user_interface,10
bottom_swap,10
frilly_clothing,10
big_butt,10
extreme_size_difference,10
white_sclera,10
white_eyes,10
monotone_text,10
magic_collar,10
black_shirt,10
exposure_variation,10
butt_tuft,10
green_leaves,10
nude_humanoid,10
command,10
grape,10
tight_clothing,10
mansion,10
popcorn,10
looking_at_breasts,10
throwing,10
legs_in_water,10
flower_necklace,10
afterimage,10
threatening,10
chinese_dress,10
chinese_clothing,10
ram_horn,10
holding_bag,10
brown_background,10
nightclub,10
holding_breast,10
leg_over_thigh,10
pattern_topwear,10
flower_garland,10
floral,10
shuddering,10
light_inner_ear,10
nervous_smile,10
nose_to_nose,10
assisted_bathing,10
chandelier,10
slippers,10
coffee_cup,10
beef,10
hay,10
map,10
countershade_neck,10
foot_focus,10
waving,10
undercover,10
tankard,10
camera,10
coveralls,10
evil_laugh,9
text_box,9
iconography,9
bolster_pillow,9
teapot,9
force_field,9
tan_tail,9
faceless_anthro,9
flexing_bicep,9
whip,9
fondling,9
fantasy,9
black_markings,9
discarded_clothing,9
stove,9
female_feral,9
female_humanoid,9
toony_eyes,9
wine_glass,9
dinner,9
raised_arm,9
head_on_hand,9
plant_pot,9
sunrise,9
whistling,9
pubes,9
sunbeam,9
height_chart,9
boxers_only,9
holding_basket,9
blue_body,9
holding_knife,9
dildo,9
hand_on_butt,9
pun,9
ear_nom,9
text_emphasis,9
tan_background,9
pigeon_toed,9
glomp,9
field,9
rum,9
canvas,9
bare_back,9
base_three_layout,9
pastry,9
tail_jewelry,9
railing,9
big_belly,9
white_torso,9
hologram,9
hammock,9
sewing_needle,9
curtains_open,9
spooning,9
clothing_ring,9
school,9
young_human,9
sitting_on_another,9
poolside,9
motion_path,9
anthro_focus,9
triceps,9
anniversary,9
orange_clothing,9
yellow_clothing,9
leg_twitch,9
neckerchief,9
cliff,9
monotone_clothing,9
modelling,9
sigh,9
underline,9
advertisement,9
crosslegged_pose,9
complaining,9
snowflake,9
masturbation,9
spotlight,9
scissors,9
celebration,9
spotted_feet,9
messy_hair,9
pants_down,9
love,9
writing_utensil,9
unguligrade,9
neckwear,9
comically_large_object,9
dark_ears,9
vase,9
open_robe,9
spiral_eyes,9
spiral,9
science_fiction,9
splash,9
lock,9
simple_eyes,9
playing_card,9
insane,9
yellow_horn,9
island,9
vegetable,9
reclining,9
white_panties,8
artist,8
covered_eyes,8
bed_covers,8
peeping,8
green_background,8
role_reversal,8
big_tail,8
comparing,8
egyptian,8
gynomorph,8
grey_background,8
head_on_lap,8
countershade_feet,8
linked_speech_bubble,8
brown_pants,8
countershade_snout,8
playing_music,8
harness_only,8
drying,8
bell_harness,8
cookie,8
cookware,8
cooler,8
hand_on_own_hip,8
long_skirt,8
younger_male,8
tail_ring,8
long_neck,8
hand_on_knee,8
ring_(hardware),8
looking_forward,8
hammer,8
begging,8
hand_on_belly,8
assisted_exposure,8
hands_in_both_pockets,8
lolita_(fashion),8
two_tone_tail,8
hand_in_hair,8
suspicious,8
white_underwear,8
tackle,8
sand_castle,8
castle,8
shampoo,8
soda,8
five_frame_image,8
three_row_layout,8
up_and_over,8
fake_rabbit_ears,8
classy,8
flower_hair_accessory,8
flower_accessory,8
rope_bondage,8
size_transformation,8
oasis,8
scruffy,8
red_pillow,8
retractable_claws,8
obliques,8
v_sign,8
comfy,8
skateboard,8
text_on_topwear,8
shelf,8
fireball,8
pointing_at_another,8
one_calf_up,8
sarong,8
fellatio,8
fin,8
skimpy_bikini,8
on_bench,8
on_branch,8
skeleton,8
foot_lick,8
footjob,8
mouth_hold,8
eyewear_on_head,8
goat_horn,8
talking_to_self,8
armband,8
secretly_loves_it,8
martini,8
rape,8
white_inner_ear_fluff,8
cold,8
drawing,8
medium_hair,8
gaming,8
gagged,8
excited,8
gag,8
furry_wearing_fursuit,8
tattoo,8
smiling_at_viewer,8
fur_trim_(clothing),8
sitting_on_ground,8
tea_cup,8
police_hat,8
mooning,8
moonlight,8
teacher,8
body_pillow,8
teal_eyes,8
vowelless_vocalization,8
heart_print,8
conjoined_thought_bubble,8
holding_partner,8
j-fashion,8
stage,8
party,8
legs_out_of_water,8
keyboard,8
potion,8
kimono,8
strapless_dress,8
spying,8
cross-popping_vein,8
kissing_cheek,8
leaning_sideways,8
diving,8
trail,8
backlighting,8
shirt_lift,8
path,8
holding_hat,8
barely_visible_pawpads,8
distracted,8
holding_headgear,8
back_boob,8
holding_headwear,8
wood_wall,8
disgust,8
disguise,8
pattern_pillow,8
disappointed,8
straddling,8
tribal_markings,8
print_topwear,8
park,8
impact_onomatopoeia,8
serratus,8
beach_ball,8
dagger,8
insect_wings,8
playing,8
side_slit_clothing,8
pants_only,7
cauldron,7
back_markings,7
exhibitionism,7
game_console,7
sneaking,7
shivering,7
metal_collar,7
outdoor_bath,7
sewing,7
orgasm,7
tricorne,7
vaginal_penetration,7
furgonomic_footwear,7
thigh_boots,7
older_male,7
shirtless,7
raised_clothing,7
alternate_form,7
monotone_inner_ear,7
oven_mitts,7
laptop,7
gameplay_mechanics,7
steam_censorship,7
goth,7
tailcoat,7
talking_to_partner,7
bonfire,7
trapped,7
tall,7
soap,7
blue_glow,7
glistening_nose,7
glistening_hair,7
holding_paintbrush,7
wrench,7
full_cleavage,7
striped_face,7
crotch_tuft,7
heart_print_underwear,7
pancake,7
print_panties,7
trash_can,7
mature_male,7
measuring,7
string_lights,7
fighting_pose,7
pillar,7
buckle,7
sleeping_nude,7
bodysuit,7
fluffy_chest,7
slim_humanoid,7
nature_background,7
animal_behavior,7
breast_rest,7
interlocked_fingers,7
interrupted_speech,7
pirate_hat,7
key,7
fake_antlers,7
balloon,7
raised_foot,7
breast_growth,7
frying_pan,7
trenchcoat,7
television,7
net,7
flowing_hair,7
flower_in_mouth,7
standing_in_water,7
rug,7
camera_view,7
open_coat,7
white_chest,7
open_jacket,7
praise,7
animal_mask,7
teddy_bear,7
hotpants,7
sleeping_on_partner,7
band-aid,7
skinsuit,7
front-print_panties,7
from_behind_position,7
witch_costume,7
apode,7
qr_code,7
throwing_object,7
orange_horn,7
fountain,7
black_tie_(suit),7
motion_onomatopoeia,7
print_underwear,7
innuendo,7
eyewear_only,7
stocks,7
small_dom_big_sub,7
multi_tail,7
detailed_food,7
hot_chocolate,7
ice_cream,7
musical_instrument,7
eye_through_hair,7
heart_print_panties,7
hair_on_shoulder,7
lounge_chair,7
twitching,7
lollipop,7
pool_toy,7
bat_wings,7
space,7
shaking_butt,7
pattern_underwear,7
countershade_butt,7
hair_tie,7
ear_twitch,7
chalk,7
spit-take,7
astral_projection,7
holding_head,7
scratching_head,7
poof_transformation,7
hat_feather,7
display_case,7
tail_fetish,7
lying_on_partner,7
holding_game_controller,7
baseball_cap,7
bendy_straw,7
pattern_shirt,7
submerged_legs,7
dominant_anthro,7
hand_on_own_breast,7
corpse,7
brown_ears,7
belt_buckle,7
looking_down_at_another,7
carriage,7
legs_over_edge,7
crate,7
sport,7
submissive_anthro,7
towel_around_waist,7
long_eyelashes,7
lei,7
holding_character,7
swim_ring,7
carpet,7
top_hat,7
planet,7
legless,7
bisexual,7
heart_panties,7
turtleneck,7
tail_nom,7
pale_skin,7
prison,7
holding_mask,7
serpentine,7
head_on_chest,7
magic_trick,7
logo,7
spiked_collar,7
prisoner,7
wrappings,7
grey_nose,7
tail_out_of_water,7
wide_hipped_female,7
magician,7
maid_headdress,7
tail_play,7
wreath,7
computer_mouse,7
hiding_behind_object,7
portrait_(object),7
headgear_only,6
newspaper,6
on_bedding,6
light_hair,6
planted_leg,6
on_bottom,6
submerged_tail,6
behaving_like_a_dog,6
at_table,6
sex_toy_insertion,6
holding_another,6
fluffy_hair,6
open_window,6
andromorph,6
lighter_belly,6
light_skin,6
shopping,6
potato,6
questionable_consent,6
paintbrush_tail,6
imminent_rape,6
poker,6
humming,6
flag,6
adjusting_glasses,6
actor,6
object_in_ass,6
head_jewelry,6
banner,6
partial_transformation,6
number_word,6
text_with_emanata,6
lifting,6
log,6
loincloth_only,6
side_slit_dress,6
hanging_from_branch,6
pork,6
open_door,6
no_sclera,6
head_on_head,6
nightstand,6
storm,6
speed_lines,6
nightgown,6
irregular_speech_bubble,6
handshake,6
long_bangs,6
sweaty_face,6
male_on_human,6
forearm_muscles,6
telekinesis,6
polyamory,6
large_group,6
holding_lantern,6
medallion,6
medical_instrument,6
melon,6
mafia,6
birthday,6
pet_praise,6
larger_human,6
pupils_only,6
tail_bow,6
lying_on_another,6
pencil_(object),6
soul,6
pouting,6
knitting,6
meadow,6
snowball,6
rooftop,6
glistening_water,6
mana_crystal,6
mane_hair,6
goggles_on_head,6
potted_plant,6
grass_skirt,6
purple_clothing,6
globe,6
tail_ribbon,6
green_line_art,6
striped_legs,6
tail_pull,6
glistening_claws,6
tail_over_edge,6
massage_table,6
black_eyeliner,6
magic_staff,6
street,6
worried_look,6
hair_over_face,6
hand_on_cheek,6
black_toe_claws,6
tablet,6
zero_pictured,6
strapless_underwear,6
picnic,6
black_underwear,6
sake,6
hand_on_chest,6
monotone_face,6
strapless_bra,6
short,6
styling_hair,6
nails,6
asking_how,6
against_furniture,6
slim_human,6
stumbling,6
holding_cleaning_tool,6
hand_in_water,6
mostly_nude_anthro,6
holiday_message,6
kitchen_stove,6
sex_toy_in_ass,6
backwards_baseball_cap,6
full_moon,6
backwards_hat,6
looking_up_at_another,6
black_tail_tip,6
shaded_background,6
black_text,6
teaching,6
ham,6
looking_through,6
beret,6
leashed_collar,6
on_table,6
1950s_theme,6
drawstring,6
column,6
cleaning,6
fanning,6
cutout,6
cocktail_umbrella,6
cityscape,6
burning,6
what,6
realistic,6
christmas_lights,6
digit_ring,6
ear_scratch,6
tree_trunk,6
water_reflection,6
red_text,6
scientific_instrument,6
feet_together,6
body_part_swap,6
bunny_costume,6
cart,6
destruction,6
drying_hair,6
coy,6
blue_monochrome,6
cis/trans,6
clothes_line,6
transformative_mask,6
detachable,6
diner,6
countershade_ears,6
touching_arm,6
wavy_hair,6
claw_marks,6
tunic,6
diplomacy,6
thin_thighs,6
fantasizing,6
clapping,6
chest_(container),6
comforting,6
dominant_human,6
compliment,6
eggnog,6
translucent_water,6
chicken_meat,6
toying_partner,6
wet_clothing,6
cocktail_glass,6
red_heart,6
feather_duster,6
blue_wings,6
egyptian_clothing,6
clothing_store,6
red_shirt,5
sauna,5
harem_outfit,5
wide_hipped_anthro,5
red_background,5
dripping_wet,5
painting_(action),5
ear_rub,5
polygonal_speech_bubble,5
small_pupils,5
cloak_only,5
accidental_exposure,5
coconut_drink,5
woodwind_instrument,5
human_only,5
raised_skirt,5
hat_only,5
knees_pulled_up,5
body_size_growth,5
shirtless_male,5
opening_door,5
orange_background,5
orange_bikini,5
black_bars,5
headwear_only,5
heart_after_text,5
throwing_fruit,5
drawstring_topwear,5
ring_(marking),5
chibi,5
selfcest,5
sunken_seat,5
between_breasts,5
forced_to_watch,5
motor_vehicle,5
wide_stance,5
wedding,5
brown_shirt,5
navel_outline,5
headband,5
head_on_shoulder,5
pawprint_(marking),5
black_bottomwear,5
animal_genitalia,5
torii,5
harem,5
underlined_text,5
searching,5
navel_cutout,5
pear,5
toast,5
talking_to_artist,5
frilly_apron,5
head_turn,5
knee_pulled_up,5
shrinking,5
freckles,5
side-tie_bikini,5
wet_tail,5
fur_rug,5
scarf_only,5
purple_wings,5
tan_nose,5
bandaged_foot,5
shirt_grab,5
milkshake,5
imagination,5
pulled_from_hat,5
cheese,5
illusion,5
hand_between_legs,5
black_collar,5
bell_collar,5
lamp_shade,5
rake,5
midair,5
partial_speech_bubble,5
romantic_night,5
action_pose,5
enthusiastic,5
stick_figure,5
belly_dancer,5
mind_control,5
dungeon,5
pantsless,5
hand_on_neck,5
oops,5
cattail_(plant),5
dust,5
vines,5
black_eyes,5
size_swap,5
violence,5
hand_on_own_knee,5
saddle_bag,5
mummy_costume,5
hand_on_ear,5
mummy_wrappings,5
hand_on_partner's_back,5
mistake,5
daydream,5
bride,5
garter_belt,5
beer_glass,5
hands_on_own_leg,5
hand_on_another's_shoulder,5
brown_topwear,5
hands_on_table,5
pattern_background,5
ineffective_clothing,5
anthro_penetrated,5
pattern_bottomwear,5
red_scales,5
barely_visible_breasts,5
name_in_inner_monologue,5
movie_reference,5
leg_wraps,5
mouthless,5
bedding_background,5
taunting,5
on_hammock,5
what_if,5
red_topwear,5
bruised,5
hands_on_leg,5
on_throne,5
chef_hat,5
drying_fur,5
partially_retracted_foreskin,5
ring_(jewelry),5
tanning_lotion,5
side_by_side,5
drumstick_(food),5
scratches,5
multi-word_onomatopoeia,5
party_hat,5
evergreen_tree,5
pole,5
playful,5
target,5
yellow_background,5
crossbow,5
animal_penis,5
heart_reaction,5
lips,5
flaming_orb,5
shedding_fur,5
flailing,5
slap,5
holding_candle,5
striped_back,5
blue_pillow,5
uhoh,5
holding_cellphone,5
doggystyle,5
print_shirt,5
fist_on_hip,5
jungle,5
shedding,5
cafe,5
fishing,5
grope,5
text_print,5
ambient_silhouette,5
holding_box,5
classroom,5
group_nudity,5
convention,5
vibrator,5
door_handle,5
flirting_look,5
cutaway,5
sitting_in_water,5
looking_down_at_partner,5
drawing_tablet,5
scruffy_hair,5
holding_sign,5
white_breasts,5
boxing,5
spacecraft,5
elderly,5
skyscraper,5
prosthetic,5
pince-nez,5
sailing_watercraft,5
dakimakura_pillow,5
text_with_heart,5
orange_swimwear,5
red_nose,5
grey_clothing,5
towel_whip,5
computer_keyboard,5
grey_claws,5
christmas_topwear,5
holding_leg,5
feral_to_anthro,5
magic_hat-trick,5
thin_calves,5
calves_up,5
thin_legs,5
female_on_top,5
female_penetrating,5
feminization,5
disembodied_penis,5
sitting_on_chair,5
arrow_sign,5
fighting_over_boy,5
saxophone,5
holding_flower,5
profanity,5
town,5
firelight,5
toy_mouse,5
oven,5
nude_human,5
ball_gag,5
raised_bottomwear,5
fighting_ring,5
ornament,5
urn,5
jewelry_only,5
sledding,5
ball_gown,5
lying_on_ground,5
dizzy,5
asking_what,5
holding_baby,5
looking_at_phone,5
countershade_hands,5
doughnut,5
touching_back,5
good_parenting,5
teleport,5
winter_coat,5
pleading_eyes,5
wind_instrument,5
watermelon,5
holding_writing_utensil,5
shoulder_pads,5
cable,5
age_chart,5
corset_dress,5
holding_whip,5
digitigrade_footwear,5
waterscape,5
white_countershading,5
grabbing,5
pergola,5
train,5
:o,5
winter_clothing,5
ringed_tail,5
hood_down,5
masculinization,5
foot_on_head,5
living_room,5
wet_head,5
locker_room,5
beverage_can,5
marshmallow,5
tomato,5
asymmetrical_breast_frottage,5
married_couple,5
proud,5
blue_water,5
relieved,5
protecting,5
oversized_topwear,5
prosthetic_limb,5
holding_staff,5
picture_frame,5
oversized_shirt,5
sliding,5
bikini_bottom_only,5
mostly_offscreen_character,5
chat,5
butt_fluff,5
barking,5
windmill,5
suggestion,5
templar,5
male_pov,5
precum,5
oral_penetration,4
interjection,4
guided_breast_grab,4
rifle,4
stated_gender,4
orange_bikini_bottom,4
small_butt,4
sitting_on_throne,4
orange_bikini_top,4
breast_fondling,4
hand_on_glasses,4
sexual_assault,4
interface,4
washcloth,4
wet_hair_flip,4
age_progression,4
implied_pregnancy,4
hand_on_mouth,4
tombstone,4
grey_bottomwear,4
binoculars,4
tag_question,4
anthro_penetrating,4
half_submerged,4
invisible_wall,4
apartment,4
intraspecies_romance,4
dangling,4
easter_egg,4
chat_box,4
dark_spots,4
interspecies_romance,4
orange_scales,4
stated_age,4
halloween_costume,4
bouncing_breasts,4
dancer_outfit,4
berry,4
dutch_angle,4
inviting_under_covers,4
hand_on_another's_breast,4
orange_pupils,4
against_table,4
playing_video_game,4
hall,4
grey_pawpads,4
grumpy,4
tail_clothing,4
apology,4
trap_(contrivance),4
female_penetrating_male,4
multicolored_hair,4
dice,4
string_instrument,4
nightmare,4
holding_axe,4
dominant_male,4
classic_lolita,4
holding_smartphone,4
claw_foot_bathtub,4
hitting,4
doorknob,4
touching_ear,4
dotted_line,4
object_on_head,4
hillside,4
dotted_line_speech_bubble,4
hiking,4
obscured_eyes,4
highlights_(coloring),4
bust_chart,4
hiding_behind_tree,4
holding_underwear,4
bathing_together,4
vacuum_cleaner,4
braided_ponytail,4
skull_and_crossbones,4
chin_tuft,4
rose_in_mouth,4
slightly_chubby_anthro,4
height_comparison,4
torn_pants,4
window_light,4
dipstick_arms,4
strip_poker,4
disc_jockey,4
christmas_wreath,4
amusement_ride,4
butler,4
sleeping_on_another,4
christmas_sweater,4
struggling,4
nope,4
bars,4
notebook,4
stubble,4
nonchalant,4
nub_tail,4
holding_fork,4
holding_flag,4
holding_rope,4
barrier,4
holding_fan,4
circle,4
nodding,4
holding_panties,4
pointing_gun_at_viewer,4
dodging,4
striped_clothing,4
holding_pen,4
null,4
wand,4
ambiguous/ambiguous,4
holding_bowl,4
height_assist,4
hooded_cloak,4
multicolored_scales,4
raygun,4
derp_eyes,4
roast_chicken_leg,4
bow_in_front,4
topless_human,4
breakfast,4
drugs,4
hut,4
on_pillow,4
animal_tail,4
on_rug,4
cherry,4
untied_bikini,4
ice,4
round_ears,4
music_player,4
rawr,4
swimming_trunks_down,4
breakfast_in_bed,4
handgun,4
muscular_thighs,4
idiom,4
stitch_(sewing),4
hand_under_breasts,4
hand_on_thigh,4
skate_park,4
butt_shot,4
cloth,4
belly_rub,4
impalement,4
store_clerk,4
on_furniture,4
human_to_anthro,4
alternate_costume,4
skinny,4
horn_grab,4
scabbard,4
neck-tie_clothing,4
strapon,4
drawstring_hoodie,4
olive_(fruit),4
beak,4
strained,4
headphones_around_neck,4
well,4
hot_stone_massage,4
torn_bottomwear,4
straight_legs,4
driving,4
transformation_sequence,4
dress_shirt,4
transformation_through_bite,4
hovering,4
head_tilt,4
public_bath,4
howling_at_the_moon,4
animal_ears,4
clinging,4
hula,4
desert,4
surfboard,4
hat_ornament,4
head_bow,4
tower,4
cyberpunk,4
male_symbol,4
cook,4
floral_topwear,4
gender_symbol,4
visual_pun,4
spatula,4
brown_breasts,4
pizza_box,4
comb_(brush),4
escaping,4
looking_at_another's_breasts,4
partially_offscreen_character,4
auto_foot_lick,4
manly,4
evening_gloves,4
vivarium,4
fluffy_butt,4
game_over,4
manor,4
lecture,4
planted_sign,4
exhausted,4
broom_riding,4
side_bangs,4
side-tie_swimwear,4
aurora_(phenomenon),4
plaid,4
armchair,4
wood_beams,4
questioning_tone,4
panel_overlap,4
two_tone_ears,4
missing_eye,4
constricted_pupils,4
glistening_body,4
smoking,4
two_tone_hair,4
mirror_reflection,4
clumsy,4
cuckold,4
glasses_only,4
pillow_fight,4
glass_window,4
red_cape,4
water_spray,4
worried_face,4
looking_back_at_self,4
piggyback,4
tan_face,4
cat_tail,4
smug_face,4
spotted_hands,4
blood_on_face,4
looking_at_own_tail,4
fanning_self,4
breathing_noises,4
floral_clothing,4
floral_print,4
white_horn,4
black_panties,4
black_pants,4
spoon,4
colored_nails,4
blush_through_hair,4
coffee_mug,4
thunder,4
underpaw,4
coffee_shop,4
sake_bottle,4
arm_pull,4
faceless_ambiguous,4
listening,4
body_motion_path,4
fries,4
penile_penetration,4
water_bottle,4
spikes_(anatomy),4
freaking_out,4
collar_ring,4
body_in_mouth,4
pedestal,4
red_bikini,4
face_paint,4
pegging,4
lights,4
voodoo_doll,4
collared_shirt,4
forearms,4
forest_background,4
pelvis,4
body_writing,4
penis_in_vagina,4
snorkel,4
blurred_background,4
sponge,4
colored_fire,4
furgonomic_bottomwear,4
counter,4
market,4
meow,4
fur_tuft,4
credit_card,4
side-tie_clothing,4
exposed_shoulder,4
shoulder_to_shoulder,4
red_dress,4
sniffing,4
library,4
legs_together,4
locket,4
locker,4
birthday_cake,4
arm_markings,4
sandwich_(food),4
poster_template,4
letter,4
countershade_legs,4
tickling,4
countershade_thighs,4
raised_paw,4
caveman,4
catnip,4
voodoo,4
brushing_hair,4
breast_pillow,4
cloud_emanata,4
backrub,4
cloven_hooves,4
lying_on_sofa,4
curious,4
kabedon,4
monotone_bra,4
sailing_boat,4
champagne,4
monotone_underwear,4
red_swimwear,4
fishnet_clothing,4
bite_mark,4
remote_control,4
talking_feral,4
ejaculation,4
lotus_pose,4
blue_fire,4
candle_holder,4
breast_play,4
finger_fetish,4
toe_ring,4
short_dress,4
curved_horn,4
monotone_skin,4
shoreline,4
pink_inner_ear,4
book_title,4
ashtray,4
butterfly_net,4
cushion,4
electrocution,4
thinking_with_portals,4
sound_effect_variant,4
clothing_theft,4
arrowed,4
elderly_female,4
magician_hat,4
firewood,4
candelabra,4
gold_pendant,4
thanking,4
red_flower,4
knee_highs,4
finger_play,4
retrofuturism,4
pirate_outfit,4
feather_ornament,4
outside_view,4
glistening_tongue,4
black_border,4
spraying_water,4
cemetery,4
title,4
censor_bar,4
festival,4
bubble_gum,4
lab_coat,4
blue_scales,4
green_pillow,4
egyptian_headdress,4
red_curtains,4
tripping,4
flag_(object),4
arms_by_side,4
poof,4
eggshell,4
argument,4
character_comparison,4
cybernetics,4
lily_pad,3
holding_mug,3
discarded_underwear,3
cigarette,3
maid_apron,3
linear_sequence,3
mask_transformation,3
necklace_only,3
magic_mirror,3
magic_circle,3
neck_bite,3
twig,3
climbing_ladder,3
sewing_machine,3
neck-tie_swimwear,3
scenery,3
macro_anthro,3
aroused_by_another,3
computer_screen,3
macro_female,3
horizontal_staggering,3
magical_girl_outfit,3
listening_to_belly,3
barely_visible_creature,3
window_sill,3
computer_monitor,3
andromorph/gynomorph,3
straw_hat,3
snowscape,3
holding_lollipop,3
uncomfortable,3
countryside,3
aroused_face,3
magic_undressing,3
looking_through_hole,3
arms_together,3
artificial_intelligence,3
holding_pillow,3
clawing,3
print_sarong,3
looking_at_own_butt,3
command_to_look,3
pool_float,3
male_prey,3
holding_pizza,3
stretching_legs,3
directed_motion_outline,3
asking_where,3
arms_back,3
water_droplets,3
no_bra,3
training,3
dipstick_toes,3
weighing_scale,3
holding_raised_leg,3
looking_down_at_viewer,3
brown_eyebrows,3
contrapposto,3
nightstick,3
looming,3
looking_up_at_partner,3
two_tone_scales,3
male_on_bottom,3
armrest,3
string_light_bondage,3
space_helmet,3
lotion_bottle,3
under_shade,3
armlet,3
holding_paper,3
confetti,3
confident,3
print_bottomwear,3
arms_in_water,3
cotton_candy,3
holding_object_above_head,3
digging,3
two-footed_footjob,3
print_skirt,3
cosmic_background,3
love_bubble,3
looking_through_window,3
long_sleeves,3
comb,3
looking_at_butt,3
clenched_hands,3
love_bite,3
corridor,3
toying_self,3
longer_spine_fur,3
direction_sign,3
looking_around,3
red_bra,3
assertive_anthro,3
confrontation,3
worm's-eye_view,3
holding_pencil,3
direction_lines,3
holding_wrench,3
menu,3
training_bra,3
smiley_face,3
small_mouth,3
police_badge,3
smiling_at_partner,3
spread_eagle,3
dark_hands,3
smiling_at_each_other,3
cumshot,3
anthro_to_feral,3
back_spikes,3
prehensile_tail,3
inside_car,3
knee_socks,3
knee_on_crotch,3
power_armor,3
inside_tent,3
dark_clothing,3
inside_vehicle,3
instant_transformation,3
kite_flying,3
mohawk,3
knotting,3
movie_set,3
mistaken_identity,3
smooch_(sound_effect),3
transparent_border,3
answer,3
pretending,3
impressed,3
imprisoned,3
in_bath,3
lance,3
breast_awe,3
bulging_eyes,3
trash,3
multi_head,3
spotted_neck,3
cuffs_(clothing),3
mittens,3
pouring,3
club_(weapon),3
brushing_fur,3
insult,3
starry_background,3
bruised_eye,3
tribal_outfit,3
stack,3
mostly_nude_male,3
female_pred,3
staggering_(layout),3
introduction,3
jumpsuit,3
balancing_on_tail,3
mostly_nude_female,3
clothing_around_waist,3
apathetic,3
smaller_humanoid,3
d6,3
italic_text,3
red_horn,3
joke,3
wiping_sweat,3
standing_on_another,3
cybernetic_limb,3
jazz_band,3
ketchup,3
star_eyes,3
prank,3
anvil,3
currency_symbol,3
bacon,3
dappled_light,3
tribal_necklace,3
clothing_swap,3
internal,3
starfish_(accessory),3
breast_touch,3
baking,3
roasting_marshmallow,3
curtsey,3
curved_eyebrows,3
practice_sword,3
intersex/intersex,3
monotone_shirt,3
clothing_around_one_leg,3
tribal_jewelry,3
treasure_chest,3
back-tie_bikini,3
slouching,3
training_dummy,3
mustache,3
wrist_grab,3
straight_bangs,3
brown_tail_tip,3
lgbt_pride,3
describing_self,3
wristband,3
narrow_hips,3
napkin,3
describing_paws,3
crawling,3
describing_foot,3
turkey_costume,3
name_shout,3
depth_of_field,3
depression,3
translucent_body,3
leg_wrap,3
wooden_sword,3
crib,3
straight_hair,3
arm_on_shoulder,3
huge_breasts,3
bare_chest,3
brass_instrument,3
sphinx_(sculpture),3
neck-tie_bikini,3
detailed_ambient_creature,3
arm_warmers,3
spider_web,3
hot_drink,3
broken_horn,3
straight_leg,3
cola,3
light_inner_ear_fluff,3
snowball_fight,3
turning_back,3
brown_stripes,3
matriarch,3
how-to,3
mattress,3
light_eyebrows,3
slime,3
sling_bra,3
saliva_string,3
realistic_style,3
saddle,3
tug_of_war,3
wood_door,3
pride_color_balloon,3
repeated_text,3
milk,3
image_bubble,3
wondering,3
laundry_basket,3
laundry,3
trumpet,3
imminent_death,3
pole_dancing,3
decoration,3
laser_pointer,3
larger_pred,3
larger_humanoid,3
ankle_wraps,3
translucent_wings,3
leaning_on_arm,3
crotch_apron,3
salute,3
realization,3
snerk,3
romantic_trio,3
potion_bottle,3
pride_colors,3
cross,3
underwear_pull,3
leather,3
sabertooth_(anatomy),3
stone_wall,3
undressing_another,3
crossdressing_male,3
music,3
leash_in_mouth,3
mushroom_cloud,3
wax,3
stone_floor,3
leaning_on_wall,3
icing,3
monotone_topwear,3
magic_shield,3
seiza,3
zipper,3
dying,3
:i,3
plaid_shirt,3
open_cloak,3
foot_in_water,3
t-shirt_only,3
dusting,3
blank_stare,3
open_bikini,3
shovel,3
shirt_around_waist,3
selfie,3
taller_anthro,3
white_wings,3
open-back_swimsuit,3
bouquet,3
runes,3
hand_on_own_belly,3
aircraft,3
scratching_post,3
foot_on_chest,3
ear_fins,3
pattern_curtains,3
foreplay,3
pen_in_mouth,3
goblet,3
scythe,3
furclad,3
ear_over_eye,3
exposed_breasts,3
penile_masturbation,3
ear_on_shoulder,3
hand_on_back,3
ear_on_head,3
accidental_kiss,3
blade,3
six-stripe_rainbow_pride_colors,3
painted_claws,3
plaid_topwear,3
pennant,3
exposed,3
pattern_bra,3
perspective,3
fake_wings,3
airplane,3
taller_partner,3
tired_eyes,3
carrying_baby,3
fluffy_ears,3
dual_holding,3
raised_fist,3
resting_arm,3
fake_cat_ears,3
philtrum,3
hands_on_back,3
beer_mug,3
hands_on_knee,3
sitting_between_legs,3
hands_on_own_knee,3
hands_on_shoulders,3
on_partner,3
handstand,3
flower_ornament,3
accidentally_gay,3
chef,3
puddle,3
after_sex,3
hand_on_partner's_head,3
censored_nipples,3
one_glove,3
hand_on_own_thigh,3
furry_convention,3
folded_wings,3
swordfight,3
hand_on_partner's_arm,3
hand_on_partner's_belly,3
plaid_clothing,3
swing,3
hand_on_partner's_shoulder,3
pet_food,3
hand_on_tail,3
veil,3
one_ear_up,3
foam,3
capotain,3
swinging,3
hammerspace,3
^w^,3
bottomwear_pull,3
open_wings,3
teal_clothing,3
chain_leash,3
tail_on_tail,3
sitting_on_blanket,3
good_girl,3
shrug,3
paint_drip,3
good_boy,3
from_front_position,3
body_sharing,3
sitting_on_car,3
against_pillar,3
sailor_uniform,3
frisbee_in_mouth,3
orphanage,3
ornate_floor,3
frisbee,3
tails_touching,3
cardboard,3
eighth_note,3
seashell_bra,3
green_curtains,3
accidental_bondage,3
black_swimwear,3
extended_sound_effect,3
seeing_stars,3
white_eyelids,3
tail_upskirt,3
biting_own_tail,3
amusement_park,3
patterns,3
electric_fan,3
green_carpet,3
elderly_anthro,3
butter,3
resting_legs,3
red_underwear,3
green_bedding,3
toeless_thigh_highs,3
gore,3
champagne_glass,3
bitten_food,3
grey_topwear,3
pawprint_print,3
button_prompt,3
orange_collar,3
hair_grab,3
between_toes,3
pearl_necklace,3
showering_together,3
card_game,3
earbuds,3
bottomwear_around_one_leg,3
orange_(fruit),3
bicycle,3
boob_hat,3
punching_bag,3
peek,3
cheat,3
throwing_knife,3
shipwreck,3
hallway,3
zero_suit,3
white_topwear,3
big_bed,3
grimace,3
bikini_top_only,3
sitting_on_lap,3
card_template,3
eating_food,3
billboard,3
group_sex,3
white_shirt,3
peaceful,3
fridge,3
sitting_on_partner,3
pearl_(gem),3
puppet_strings,3
tail_fondling,3
pattern_sheet,3
booth_seating,3
pattern_rug,3
tail_button_bottoms,3
borderless_panel,3
orange_ears,3
fake_tail,3
patio,3
flapping_wings,3
amazing_background,3
hippie,3
thong,3
pink_bra,3
hitting_head,3
red_panties,3
adjusting_hair,3
tan_ears,3
dominatrix,3
pink_dress,3
holding_ball,3
touching_head,3
prosthetic_arm,3
submerged_arms,3
pink_eyes,3
blue_carpet,3
fingerless_gloves,3
younger_ambiguous,3
christmas_card,3
holding_broom,3
pantsless_female,3
bathhouse,3
chimney,3
text_on_shirt,3
pants_around_one_leg,3
heroic_pose,3
double_entendre,3
gardening,3
hiccuping,3
blue_tent,3
flannel_shirt,3
flannel,3
garter,3
what_has_science_done,3
pantsless_anthro,3
glass_wall,3
rainbow_pride_colors,3
double_bass,3
raincoat,3
blue_pendant,3
text_on_hoodie,3
high_five,3
thong_straps,3
gasp,3
erect_tail,3
holding_burger,3
giggle,3
christmas_dress,3
fetal_pose,3
christmas_gift,3
black_hands,3
wagon,3
gentle_femdom,3
nude_beach,3
ambush,3
rope_swing,3
weights,3
white_highlights,3
feral_to_humanoid,3
holding_hairbrush,3
holding_hammer,3
thigh_stockings,3
calling_for_help,3
parted_bangs,3
towel_wrap,3
striptease,3
2_panel_comic,3
side_eye,3
virgin_killer_sweater,3
dog_food,3
style_change,3
giftwrapped,3
holding_candy,3
finger_lick,3
nurse,3
3_heads,3
can,3
dog_treat,3
holding_coffee,3
female_licking_male,3
cashier,3
nuka-cola,3
blue_curtains,3
camping,3
nude_sunbathing,3
studs,3
basic_sequence,3
3_fingers,3
flashing,3
tail_wraps,3
pistol,3
head_between_breasts,3
red_ribbon,3
dripping_hair,3
on_boat,3
blood_on_hand,3
head_on_belly,3
supported_legs,3
game_show,3
party_horn,3
gaming_chair,3
walkies,3
ceiling,3
superpowers,3
super_strength,3
blowing_bubble_gum,3
farm,3
dress_lift,3
pilgrim,3
headbutt,3
rabbit_ears,3
glistening_jewelry,3
thread,3
black_claws,3
evil_grin,3
fancy_dress,3
yellow_topwear,3
surrounded,3
on_hands,3
blue_swimwear,3
tenor_saxophone,3
pie,3
floral_sarong,3
bow_panties,3
floral_sandals,3
floral_footwear,3
bow_underwear,3
hat_band,3
floral_bottomwear,3
blood_on_clothing,3
palette,3
aloha_shirt,3
surfing,3
bowed_string_instrument,3
headless,3
beckoning,3
alternate_hairstyle,3
dragonified,3
skimpy_topwear,3
heat_(temperature),3
drawer,3
drawing_(action),3
fleeing,3
hearts_around_head,3
dragonification,3
heartbeat,3
drawing_(object),3
heart_pattern_underwear,3
4_claws,3
hearts_around_body,3
heart_pattern,3
skintight_suit,3
wiggle,3
sunglasses_only,3
heart_jewelry,3
heart_gesture,3
skimpy_dress,3
heart_bubble,3
tip_jar,3
heart_anklet,3
heart_(marking),3
admiring_self,3
gaping_mouth,3
headset,3
ominous,3
thoughts,3
merchant,2
acrobatics,2
pattern_carpet,2
mid_transformation,2
meme_face,2
shuffling,2
carrying_head,2
sausage,2
roller_coaster,2
side_hug,2
metaphor,2
meowing,2
pattern_dress,2
shared_heart,2
pattern_cape,2
pattern_legwear,2
carrot_nose,2
shush,2
snare_trap,2
metric_unit,2
snapping_fingers,2
carrot,2
messy,2
mental_pictographics,2
merry_christmas,2
mental,2
pattern_bedding,2
action_scene,2
younger_anthro,2
sneeze,2
acoustic_guitar,2
middle_eastern_architecture,2
volleyball,2
washing_hair,2
:d,2
coconut_bra,2
pink_apron,2
pistil,2
pinball_machine,2
pinball,2
pitchfork,2
armored_vehicle,2
pillow_humping,2
under_blanket,2
candlelight,2
cactus,2
shot_glass,2
canine_genitalia,2
canine_penis,2
scepter,2
6_panel_comic,2
male_penetrating_male,2
sash_bar,2
male_ponytail,2
shoulder_armor,2
cannon,2
piano,2
rubbing_eyes,2
male_focus,2
candle_wax,2
pause,2
arms_crossed_under_breasts,2
calf_tuft,2
communal_shower,2
camera_hud,2
shoe_dangle,2
communal_bed,2
shoeless,2
pink_ribbon,2
shooting,2
magical_girl_transformation,2
unconscious_male,2
vr_headset,2
unconvincing_armor,2
shopping_cart,2
major_arcana,2
shore,2
pink_hair,2
wraps_only,2
zoo_(facility),2
pink_claws,2
command_to_sit,2
pink_body,2
shoulder_carry,2
canoe,2
pizza_delivery,2
shoulder_grab,2
card_deck,2
sandbox,2
sackless,2
shallow_penetration,2
card_hand,2
peaked_cap,2
card_in_mouth,2
absolutely_everyone,2
wrestling,2
brown_t-shirt,2
snow_angel,2
coiling,2
medal,2
cardboard_box,2
satellite,2
arm_on_own_leg,2
medieval_architecture,2
meditation,2
meeting_the_parents,2
caricature,2
pause_screen,2
masquerade,2
>_<,2
=w=,2
performance,2
shoulder_guards,2
petting_self,2
cabinet,2
cabin,2
pet_bowl,2
soaking_feet,2
shoulderless_dress,2
under_tail,2
visor,2
percussion_instrument,2
penetrating_pov,2
martial_arts,2
color_swatch,2
arm_wrestling,2
shirt_pull,2
captain,2
snowstorm,2
penile_spines,2
rubbing,2
=_=,2
middle_finger,2
nose_kiss,2
button_(fastener),2
alcohol_bottle,2
buried_in_sand,2
unusual_anatomy,2
skeleton_bodypaint,2
on_log,2
on_leaf,2
red_rug,2
on_hand,2
name_stutter,2
yellow_text,2
on_grass,2
name_tag,2
alley,2
on_foot,2
on_desk,2
ski,2
altered_reflection,2
animal_legs,2
vanity_mirror,2
unusual_tail,2
naughty_face,2
vambrace,2
valley,2
butt_pillow,2
alternate_color,2
on_arm,2
skiing,2
shell,2
animal_costume,2
vaginal_squirting,2
on_one_hand,2
cherry_blossom,2
older_anthro,2
skater,2
velocity_sound_effect,2
bully,2
yipping,2
multicolored_clothing,2
plucked_string_instrument,2
antennae_(anatomy),2
multicolored_eyes,2
multicolored_face,2
bunny_slippers,2
onion,2
size_theft,2
red_light,2
multiple_outfits,2
closet,2
muscle_growth,2
vein,2
romantic_dinner,2
cheers,2
ankle_band,2
anime_nosebleed,2
alarm_clock,2
buried,2
plugsuit,2
alarmed,2
mushroom,2
on_stool,2
alchemy_circle,2
on_snout,2
chef_uniform,2
chewing_grass,2
climbing_gear,2
multi_eye,2
o-ring_bikini_bottom,2
o-ring_bikini,2
o-ring,2
city_background,2
nutt,2
nurse_uniform,2
sleeveless_shirt,2
nurse_clothing,2
wall_art,2
butt_expansion,2
no_shoes,2
nudist,2
sheared,2
pokeball,2
circle_eyes,2
shattered,2
shawl,2
nodding_head,2
ambiguous_anthro,2
noise_maker,2
yellow_scarf,2
nude_female_clothed_male,2
ambiguous_pov,2
nom_(sound_effect),2
non-mammal_hair,2
saw,2
noose,2
sleep_mask,2
wall_pinned,2
amused,2
shatter,2
nightmare_fuel,2
neck_ribbon,2
o-ring_bikini_top,2
cliff_side,2
unzipped,2
clerk,2
necktie_grab,2
vaginal_masturbation,2
chirping,2
chiton,2
skull_head,2
offering_sex,2
offering_leash,2
unzipped_clothing,2
comparing_breasts,2
anatomy,2
nerd,2
analog_clock,2
santa_dress,2
odalisque,2
wanted_poster,2
pointing_at_crotch,2
chocolate_bunny,2
chocolate_fountain,2
object_swing,2
red_moon,2
yellow_glow,2
using_wings,2
obi,2
o_o,2
o-ring_swimwear,2
nightgown_only,2
slow_dancing,2
multi_ear,2
snake_hood,2
painter,2
silly_face,2
victory_pose,2
monocle,2
monotone_apron,2
monotone_arms,2
painted_feet,2
painted_ears,2
victory,2
centered_hair_bow,2
monotone_bikini,2
monotone_bikini_bottom,2
red_stockings,2
monotone_bottomwear,2
monotone_breasts,2
playing_guitar,2
cereal_box,2
cloudy_sky,2
sink,2
ceremony,2
arbalist,2
brushing_tail,2
monotone_hands,2
paint_on_feet,2
monotone_inner_pussy,2
against_counter,2
chained,2
police_officer,2
monotone_pants,2
overweight_female,2
painted_text,2
painting_body,2
monotone_swimwear,2
arm_around_partner,2
military,2
military_uniform,2
snack,2
virtual_reality,2
side_slit_skirt,2
red_tongue,2
red_thigh_highs,2
parallel_speed_lines,2
sideburns,2
cat_smile,2
panty_pull,2
pantsing,2
rolling,2
pants_pull,2
caught_staring,2
admiring,2
russian,2
viking,2
red_tail,2
palm_leaves,2
x-wing,2
misunderstanding,2
pallet,2
ceiling_lamp,2
mmf,2
affectionate,2
moan,2
model_train,2
afro,2
aquamarine_(gem),2
overweight,2
cheek_markings,2
against_window,2
clothes_hanger,2
savanna,2
washing_another,2
orange_blanket,2
motorcycle,2
shielding_eyes,2
mottled,2
plinth,2
open_zipper,2
mottled_body,2
mottled_fur,2
red_scarf,2
anthro_penetrating_human,2
mountain_range,2
royal_pose,2
age_transformation,2
mouse_hole,2
yoga_pants,2
anthro_penetrating_anthro,2
red_legwear,2
verbal_teasing,2
agreement,2
cheek_bulge,2
sitting_on_vehicle,2
walk_cycle,2
open_coveralls,2
warrior,2
slur,2
mullet,2
orange_face,2
orange_glow,2
oversized_oral,2
orange_light,2
oversized_fellatio,2
monotone_tail,2
unit,2
overheated,2
red_sky,2
changing_color,2
monotone_torso,2
monument,2
approval,2
moody,2
sitting_on_branch,2
bubble_butt,2
outside_panel,2
moon_necklace,2
against_natural_surface,2
outline,2
outlet,2
playing_piano,2
year,2
sitting_on_grass,2
oscillating_fan,2
orientation_play,2
vertical_loop,2
vertical_blockage,2
orange_text,2
against_tree,2
sitting_on_leaves,2
orange_scarf,2
chasing_own_tail,2
alto_saxophone,2
wiping,2
magic_lamp,2
grey_finger_claws,2
earth,2
rimming,2
resting_arms,2
white_soles,2
tail_flick,2
gum,2
guitar,2
white_skin,2
grunting,2
tom_drum,2
toilet,2
tail_growth,2
tail_heart,2
grinding,2
bindings,2
tail_in_water,2
grey_text,2
eavesdropping,2
grey_spots,2
grey_shirt,2
grey_scales,2
grey_pants,2
eclipse,2
bored,2
ears_outwards,2
hair_dryer,2
half-erect,2
tablet_pen_in_mouth,2
ear_nibble,2
bent_over_counter,2
ear_ornament,2
hand_between_breasts,2
bouncing,2
tool_belt,2
tongue_wrap,2
hammering,2
halloween_decoration,2
bestiality,2
ears_aside,2
white_tuft,2
hairless,2
tail_around_partner,2
tongue_bath,2
hairband_only,2
tongue_around_leg,2
tail_around_waist,2
tail_bell,2
between_thighs,2
early_pregnancy,2
bioluminescence,2
eek,2
hand_on_ankle,2
egg_(food),2
book_stack,2
gold_coin,2
gold_bracelet,2
security,2
gold_anklet,2
wham,2
white_mane,2
bonk_(sound_effect),2
purple_shirt,2
glowing_water,2
glowing_plants,2
glowing_paint,2
black_bikini,2
toasting,2
title_number,2
glowing_body,2
black_bra,2
gloves_only,2
black_cape,2
black_cheeks,2
glory_hole,2
gloom_lines,2
emo,2
googie_aesthetic,2
tailband,2
toe_wiggle,2
bit_gag,2
green_underwear,2
egyptian_belt,2
bisected,2
green_robe,2
green_panties,2
green_loincloth,2
green_light,2
eiffel_tower,2
toenails,2
green_fire,2
purple_body,2
elegant,2
green_bottomwear,2
green_body,2
elbow_on_knee,2
toeless_socks,2
riding_on_back,2
bookmark_design,2
tail_tenting,2
rapid_transit,2
riding_crop,2
tail_wrapped_around_body,2
ear_motion,2
ear_grab,2
glistening_tail,2
hat_ribbon,2
serious_face,2
heart_speech_bubble,2
heart_pupils,2
heart_formation,2
beach_towel,2
beach_umbrella,2
sunny,2
dreadlocks,2
wide_sleeves,2
beam,2
beating,2
box_of_chocolates,2
headboard,2
head_wreath,2
public_bathing,2
dresser,2
dressing_another,2
wet_bikini,2
bowing,2
head_on_arm,2
supported_tail,2
topwear_pull,2
surprise_buttsex,2
hedge,2
dragon_tail,2
baths,2
hind_claw,2
holding_berry,2
holding_animal,2
bass_drum,2
prosthetic_leg,2
door_slam,2
hitting_another,2
touching_ears,2
serving,2
bathing_another,2
suds,2
highway,2
summer,2
hiding_cards,2
hiding_behind_wall,2
double_dildo,2
suggestive_dialogue,2
hidden_face,2
reluctant,2
prunus_(flower),2
hesitant,2
heroic_nudity,2
suit_symbol,2
hatched,2
hat_over_eyes,2
tablecloth,2
has_colored-in_version,2
handle,2
bell_accessory,2
handheld_console,2
dual_wielding,2
why,2
toothbrush,2
hand_print,2
due,2
hand_on_pillow,2
whiteboard,2
dumbbell,2
dumbwaiter,2
pulling_viewer_forward,2
dummy,2
hand_on_own_ankle,2
hand_on_object,2
dusk,2
syrup,2
hand_on_hair,2
dust_cloud,2
bound_together,2
hand_on_canvas,2
bemused,2
hands_above_breasts,2
dryer,2
sweeping,2
hanging_by_legs,2
harpoon,2
topwear_lift,2
surprise_sex,2
harbor,2
har,2
bedroll,2
surrogate_exposure,2
bedsheet_ghost,2
public_restroom,2
dropping,2
swamp,2
drum,2
hangar,2
handwear_only,2
wide_brim_hat,2
topless_ambiguous,2
hands_tied,2
beep,2
hands_on_shin,2
hands_on_own_shin,2
sweatdrop_(iconography),2
public_transportation,2
glistening_topwear,2
glistening_swimwear,2
bra_only,2
flower_crown,2
food_on_face,2
food_fetish,2
food_delivery,2
food_costume,2
bleh,2
facial_tattoo,2
folded_ears,2
teleportation,2
facing_aside,2
flying_kick,2
flying_broom,2
blue_towel,2
telescope,2
reverse_forced_oral,2
failed_attempt,2
fluffy_shoulders,2
fluffy_paws,2
fainting,2
fake_mustache,2
flowing_cape,2
threatening_with_weapon,2
tennis_ball,2
blue_text_border,2
script,2
whipped_cream,2
faceplant,2
blacksmith_hammer,2
fortune_telling,2
forked_tail,2
white_ears,2
bodily_noises,2
eyewear_in_mouth,2
face_in_breasts,2
raised_inner_eyebrows,2
forced_transformation,2
forced_partners,2
blacksmith_apron,2
face_punch,2
blah_blah_blah,2
raised_heel,2
faceless,2
blacksmithing,2
footsie,2
foot_rub,2
technical_difficulties,2
foot_on_shoulder,2
white_crotch,2
blush_stickers,2
foot_on_balls,2
falling_leaves,2
questioning,2
four_frame_image,2
floral_skirt,2
blue_bikini,2
feline_genitalia,2
feline_penis,2
the_pose,2
blue_markings,2
finger_to_mouth,2
blue_lines,2
white_bedding,2
finger_on_chin,2
thief,2
blue_light,2
female_death,2
white_bed_sheet,2
blue_fur,2
female_on_bottom,2
ffm,2
thigh_highs_only,2
ferris_wheel,2
blue_gem,2
white_arms,2
thin_eyebrows,2
female_symbol,2
female_rimming_male,2
revenge,2
thompson_gun,2
reverse_countershading,2
text_border,2
floor_plan,2
floating_eyebrows,2
floatie,2
blood_splatter,2
quilt,2
quiver_(object),2
scuba,2
flight_attendant,2
flexing_muscles,2
white_bodypaint,2
restroom_stall,2
blowing_kiss,2
raft,2
flash_emanata,2
feather_necklace,2
text_in_heart,2
text_message,2
scroll,2
whisker_markings,2
fitting,2
fishing_line,2
feet_out_of_water,2
eyemask,2
teal_topwear,2
glistening_sweat,2
tiki_torch,2
tan_fur_tuft,2
black_feathers,2
tan_hands,2
giggling,2
gift_wrapping,2
black_finger_claws,2
ghost_costume,2
tan_skin,2
tan_snout,2
white_hands,2
eraser,2
black_hoodie,2
gender_euphoria,2
gender_confusion,2
black_inner_ear,2
tango_(dance),2
tank_(vehicle),2
black_line_art,2
escape,2
raised_topwear,2
gangster,2
tankini,2
tape,2
rank,2
gingerbread_man,2
white_legs,2
glistening_butt,2
tiptoes,2
glistening_nails,2
energy,2
tan_arms,2
tan_back,2
glistening_fur,2
energy_beam,2
glistening_fingers,2
purple_topwear,2
glistening_clothing,2
glistening_bodily_fluids,2
glaring,2
glistening_bikini,2
black_dress,2
rape_face,2
tan_cheeks,2
glasses_in_mouth,2
engine,2
time_period,2
enhibitionism,2
tan_clothing,2
glaring_at_another,2
gamer_girl,2
tapering_tail,2
freckled_butt,2
examination,2
black_snout,2
extruded_text,2
tickle_(sound_effect),2
frustration_cloud,2
frustrated,2
fruit_tree,2
bodymod_collar,2
frozen,2
black_text_border,2
front_slit_dress,2
front_slit_clothing,2
front_slit,2
seashell,2
fringe_clothing,2
fringe_bottomwear,2
frilly_underwear,2
body_on_stake,2
frilly_bra,2
teal_shirt,2
freckled_shoulders,2
freckled_legs,2
freckled_hips,2
freckled_face,2
raised_shirt,2
white_face,2
bokeh,2
furry_legs,2
tarot,2
gambling,2
gallows,2
examining_self,2
tarot_card,2
excuses,2
exercise,2
explanation,2
explicitly_stated_nonconsent,2
tasteful,2
furry_arms,2
fungus,2
white_footwear,2
furgonomic_pants,2
furgonomic_headwear,2
furgonomic_hat,2
taurification,2
exposed_leg,2
fur_tattoo,2
taurified,2
ribbon_bondage,2
tied_apron,2
ripple_lighting,2
hidden,2
submachine_gun,2
leaves_on_ground,2
triumphant,2
landmark,2
cuddle_pile,2
breathable_gag,2
wearing_eyewear,2
trimming_(grooming),2
cum_on_face,2
shaded_face,2
cum_on_feet,2
krystal's_staff,2
trigger_discipline,2
komi_face,2
knotting_problems,2
knotted_glory_hole,2
tricked,2
knitting_needle,2
knees_out_of_water,2
kneeling_on_bed,2
wizard_hat,2
cunnilingus,2
power_bottom,2
cupcake,2
power_lines,2
back-tie_swimwear,2
lanyard,2
lapping,2
rock_climbing,2
leather_jacket,2
leather_clothing,2
leashed_viewer,2
sportswear,2
crossed_feet,2
leaning_on_railing,2
leaning_on_person,2
leaning_on_object,2
bridal_gauntlets,2
wood_furniture,2
brick,2
crystal_ball,2
shaded_sketch,2
leaf_in_hair,2
repeated_internal_monologue,2
leaf_censor,2
spotted_clothing,2
awning,2
crutch,2
wolf_mask,2
babydoll,2
back-tie_clothing,2
cupid's_arrow,2
kitsunebi,2
kite,2
staring_at_chest,2
scowl,2
inviting_viewer,2
serving_beverage,2
intimidation,2
star_polygon,2
intersex/male,2
winter_gloves,2
treasure,2
interrupted_by_reaction,2
interrupted,2
insult_of_endearment,2
cymbals,2
shackled,2
pregnant_male,2
bamboo,2
dark_eyebrows,2
dark_gloves,2
inner_tube,2
dark_handwear,2
banana,2
stated_homosexuality,2
stated_sexuality,2
jack-o'_pose,2
cybernetic_arm,2
curled_horn,2
squeezing,2
power_slide,2
requesting,2
spring_(season),2
kissing_hand,2
curse,2
spyglass,2
kiss_mark,2
practice,2
killing,2
breast_shrinking,2
keyboard_instrument,2
jewelry_glint,2
custom_suit_symbol,2
keg,2
katana,2
wishbone_mouth,2
wearing_mask,2
juice_(beverage),2
juggling,2
judgement_(tarot),2
standing_at_attention,2
jiggling,2
leather_topwear,2
red_apple,2
prehistoric,2
leg_grab,2
asking_who,2
sparkler,2
two_tone_eyes,2
asphyxiation,2
looking_at_food,2
two_tone_clothing,2
porch,2
coppertone_pose,2
workout,2
corruption,2
long_legs,2
assertive_male,2
spearfishing,2
brooch,2
countershade_belly,2
species_name_variant,2
red_blanket,2
logo_on_clothing,2
species_sheet,2
asymmetrical_clothing,2
location_sign,2
countershade_paws,2
lizard_tail,2
looking_at_tail,2
asking_to_stop,2
asking_self,2
uncertain,2
water_jet,2
magazine,2
soft_drink,2
lying_together,2
lying_on_lap,2
soldier,2
wrapped,2
concert,2
art_nouveau,2
cone_of_shame,2
unbalanced,2
pop_(sound_effect),2
confident_male,2
lotion,2
lore,2
pool_ladder,2
sceptre,2
asking_for_opinion,2
two_tone_wings,2
asking_for_status,2
red_claws,2
spade_tail,2
liquid,2
portable_music_player,2
lime_(fruit),2
lens_flare,2
role-playing_game,2
spitting,2
licking_another,2
attacked,2
levitating_object,2
cradling,2
splashing_water,2
cramped,2
attention,2
pot_on_head,2
crash,2
cracked_glass,2
crater,2
attribute_theft,2
legs_tied,2
audience,2
creepy,2
crescent_moon,2
spoon_in_mouth,2
criss-cross_bikini,2
leg_over_knee,2
leg_over_edge,2
cracked_ground,2
licking_partner,2
lightning_strike,2
covering_mouth,2
covered_in_snow,2
covering_another,2
waving_arms,2
light_snout,2
turntable_(decks),2
portal_gun,2
light_neck,2
covering_ears,2
porthole,2
light_face,2
athletic_human,2
licking_weapon,2
covering_own_mouth,2
light_belly,2
wavy_speech_bubble,2
spinning,2
athletic_wear,2
cowboy_hat,2
lifting_covers,2
cowgirl_position,2
lifted,2
crab_stealing_clothing,2
ink,2
standing_on_books,2
cake_on_head,2
dick_in_a_box,2
hoodie_lift,2
wing_hug,2
base_two_layout,2
hooded_cape,2
hood_up,2
honorific,2
home_screen,2
streaking,2
different_artstyle,2
diamond_(marking),2
dildo_in_ass,2
holding_vase,2
holding_glasses,2
holding_umbrella,2
dildo_insertion,2
wing_boner,2
holding_hair,2
holding_toy,2
hoodie_only,2
reading_newspaper,2
dinner_date,2
hug_request,2
human_fetish,2
hugging_penis,2
stuck_together,2
stuck_knot,2
towel_on_tail,2
holding_fruit,2
detachable_head,2
transformative_collar,2
real,2
horn_jewelry,2
detachable_limbs,2
brazier,2
stuck_genitals,2
detached_sleeves,2
docks,2
holding_gem,2
straining,2
horn_ring,2
holding_topwear,2
holding_handcuffs,2
human_penetrated,2
print_t-shirt,2
striped_cheeks,2
holding_penis,2
striped_ears,2
dirt,2
dirty,2
ritual,2
holding_katana,2
holding_own_tail,2
holding_nightstick,2
holding_platter,2
holding_musical_instrument,2
holding_money,2
holding_microphone,2
dismemberment,2
disdain,2
weightlifting,2
holding_ladder,2
disembodied_leg,2
barn,2
holding_pokeball,2
stretching_arms,2
holding_single_card,2
holding_tablet_pen,2
reaching_towards_viewer,2
holding_strawberry,2
holding_stick,2
strutting,2
towel_slip,2
holding_skull,2
reaching_out,2
disturbed,2
holding_quill,2
holding_hoodie,2
holding_shin,2
strip_club,2
severed_body_part,2
stripper_pole,2
holding_riding_crop,2
stripper,2
dipstick_legs,2
human_on_humanoid,2
stuck_penis,2
serving_milkshake,2
pretending_to_sleep,2
doki_doki,2
rescue,2
property_damage,2
bandage_on_nose,2
holding_card,2
holding_chair,2
steam_heart,2
bandaged_arm,2
steering_wheel,2
stern,2
implied_incest,2
stunned,2
impending_doom,2
towel_on_head,2
holding_coffee_cup,2
holding_coffee_mug,2
human_penetrating,2
stepladder,2
style_crossover,2
breaking_glass,2
trapped_in_net,2
dark_tail_tip,2
proportionally_accurate_nintendo_switch,2
dark_humor,2
banana_costume,2
inflating,2
static_electricity,2
presenting_body,2
dome,2
stating_readiness,2
breast_bow,2
holding_bucket,2
scratch_mark,2
indoor_pool,2
bandage_on_face,2
indoor_garden,2
indecent,2
dark_shirt,2
in_locker,2
translucent_topwear,2
holding_magazine,2
ice_cube,2
id_card,2
serving_platter,2
defensive,2
stomach_wraps,2
humanoid_focus,2
ice_skating,2
ice_skates,2
holding_collar,2
studded_belt,2
ice_block,2
hypnotic_eyes,2
hyper_breasts,2
hyper,2
hunting,2
humiliation,2
banknote,2
delivery_(commerce),2
storage_room,2
hung_clothing,2
hungover,2
idea,2
defeated,2
stethoscope,2
holding_eyewear,2
imminent_platonic_fingering,2
decorating,2
imminent_disaster,2
dodgeball,2
holding_dress,2
human_penetrating_anthro,2
bandeau_bikini,2
human_to_feral,2
ill,2
banhammer,2
student,2
school_desk,1
shaggy_fur,1
scratching_ear,1
sassy,1
satchel,1
scratching_butt,1
shirtless_anthro,1
saliva_on_balls,1
shaking_object,1
shaking_another,1
ruin,1
shaking_head,1
sheet_music,1
sale,1
shaving_fur,1
scuba_gear,1
serving_food,1
sash,1
running_in_circles,1
ruler,1
service_menu,1
server,1
security_guard,1
schynbalds,1
seaweed,1
rural,1
shark_plushie,1
scaled_forearms,1
scaled_legs,1
saliva_on_face,1
scorpion_(position),1
saliva_on_anus,1
self_hug,1
scout,1
sail,1
shackles_only,1
screen,1
sex_pillow,1
ship_deck,1
self_grope,1
scritches,1
sex_request,1
scout_leader,1
scan,1
saliva_on_penis,1
sailing_ship,1
scout_uniform,1
self_examination,1
sectional_sofa,1
shirt_collar,1
self-conscious,1
russia,1
sailor,1
scratch,1
seducing_viewer,1
scratching_self,1
score,1
shark_fin,1
sailor_cap,1
shell_casings,1
serious,1
serving_tray,1
seven_frame_image,1
shaking_off_water,1
scratching_back,1
shag_rug,1
sake_dish,1
shared_dialogue,1
sheriff,1
shag_(fabric),1
sensory_deprivation,1
sacrifice,1
severed_hand,1
severed_head,1
saliva_drip,1
severed_limb,1
sensitive_tail,1
sensitive_ears,1
running_away,1
shirt_logo,1
seabed,1
sex_toy_under_clothing,1
shared_speech_bubble,1
rumbling,1
seats,1
sharing,1
screwdriver,1
sharing_food,1
selling,1
tail_injury,1
shirtless_sleeves,1
tuxedo_vest,1
tucked_arm,1
tumbleweed,1
turnabout,1
turnaround,1
turntable_(record_player),1
turret,1
twilight,1
tearing_clothing,1
twinning,1
twirling,1
two-handed_masturbation,1
two_panel_image,1
two_tone_face,1
two_tone_shirt,1
trying_clothes,1
tropical_plants,1
trick-or-treating,1
tribal_spellcaster,1
triangle_nose,1
tremble_spikes,1
tremble_lines,1
tree_stump,1
treadmill,1
travel_bag,1
traumatized,1
trauma,1
trapdoor,1
translucent_dress,1
translucent_curtains,1
transition_effect,1
transformation_through_sex,1
two_tone_topwear,1
ugly_sweater,1
unconscious_female,1
untied,1
version_comparison,1
vault_door,1
vault,1
vampire_costume,1
utility_pole,1
using_pokeball,1
ushanka,1
usb_cable,1
us?_similar?,1
upside_down_text,1
unwrapping,1
unusual_pupils,1
unusual_eyes,1
untied_dress,1
unstrapped_bikini,1
under_bed,1
unsigned,1
unravelling,1
unprofessional_behavior,1
unlocked,1
united_states_of_america,1
union_jack,1
uniformed_male,1
unfazed,1
unexpected,1
uneven_legs,1
undressed,1
underbutt,1
under_snow,1
under_furniture,1
trail_cam,1
tracksuit,1
tracked_vehicle,1
text_drop_shadow,1
three_aces,1
threatened,1
thinking_pose,1
thinking_aloud,1
thinking_about_another,1
thermos,1
the_truth,1
the_more_you_know,1
the_end,1
text_on_headwear,1
text_on_hat,1
text_on_container,1
text_on_body,1
text_on_apron,1
test_sheet,1
three_frame_sequence,1
test_chamber,1
terrarium,1
terrace,1
terra_macro,1
tentacle_sex,1
tentacle_rape,1
tense,1
tennis_court,1
tennis_ball_in_mouth,1
temple,1
telepathic_link,1
technology,1
teasing_with_tongue,1
teasing_viewer,1
three_frame_image,1
threesome,1
toying_each_other,1
timeline,1
toy_train,1
toy_ship,1
toy_gun,1
touching_tail,1
touching_breasts,1
torn_jeans,1
toothpick,1
toony_expression,1
toolbox,1
tongue_grab,1
tongue_coil,1
toga,1
toejob,1
timid,1
time,1
throat_grab,1
timber_framed_architecture,1
tile_wall,1
tile,1
tilde_after_text,1
tied_knot,1
tied_hair,1
tie-dye,1
tickling_belly,1
ticket,1
throwing_snowball,1
throwing_book,1
throwing_ball,1
through_screen,1
throne_room,1
vertical_bar_eyes,1
vertical_staggering,1
vibrating_panties,1
wishing_well,1
wrists_together,1
wrist_blade,1
wrestler,1
wrapped_up,1
wound_on_face,1
working,1
word_substitution,1
woof_(sound_effect),1
wood_shield,1
wood_ceiling,1
wolf_ears,1
wobbly,1
witch_broom,1
wisps,1
wiping_mouth,1
x-ray_glasses,1
wipeout_(surfing),1
wingsuit,1
winged_arms,1
wing_claws,1
wing_bondage,1
wine_bottle,1
window_shutter,1
window_shopping,1
wind_chime,1
wimmelbilder,1
wide_smile,1
wide_arrow,1
white_vulva,1
white_swimwear,1
writing_on_tail,1
x-ray_vision,1
white_pillow,1
yellow_tail,1
zoom_layer,1
zipper_swimwear,1
zipper_swimsuit,1
zipper_down,1
zipper_bikini,1
zip_(sound_effect),1
yukata,1
younger_feral,1
you_know_(idiom),1
yoga,1
yin_yang_symbolism,1
yin_yang,1
yes_pillow,1
yes-no_pillow,1
yellow_skirt,1
xd,1
yellow_skin,1
yellow_shirt,1
yellow_penis,1
yellow_moon,1
yellow_legwear,1
yellow_face,1
yellow_ears,1
yellow_dress,1
yellow_car,1
yellow_cape,1
yellow_bottomwear,1
yellow_balls,1
yelling_at_another,1
yard,1
white_stockings,1
white_pawpads,1
vibrator_in_ass,1
walkway,1
weak,1
waterline_view,1
water_splashes,1
water_slide,1
water_park,1
water_gun,1
water_bowl,1
washtub,1
washing_dishes,1
washing_clothes,1
wariza,1
wardrobe,1
war,1
wall_of_text,1
waitress_outfit,1
weapon_on_back,1
waiting,1
vote,1
vore,1
voodoo_sex,1
voluptuous,1
volleyball_net,1
volleyball_(ball),1
voicemail,1
vodka,1
virgin_destroyer_sweater,1
virgin,1
view,1
video_camera,1
victorian_goth,1
weapon_holster,1
wear,1
white_palms,1
white_armwear,1
white_outline,1
white_nose,1
white_mask,1
white_legwear,1
white_flag,1
white_feathers,1
white_eyewear,1
white_dress,1
white_curtains,1
white_clouds,1
white_claws,1
white_butt,1
white_bikini,1
white_belt,1
whispering_in_ear,1
wearing_gloves,1
whipping,1
whipped_cream_can,1
whetstone,1
wheel,1
what_could_have_been,1
what_a_twist,1
wetsuit,1
wet_scales,1
wet_dress,1
welcome_sign,1
wedding_ring,1
webbed_hands,1
weather_map,1
wearing_pince-nez,1
tears_of_joy,1
teamwork,1
shooting_gun,1
snowy_landscape,1
snorkeling,1
snort,1
snow_globe,1
snowboard,1
snowboarding,1
snowing_outside,1
socks_only,1
team_fortress_logo,1
soda_cup,1
solar_eclipse,1
sound_barrier,1
sound_effect_print,1
soup,1
sour_face,1
sniper_rifle,1
sniper,1
snapped,1
snaggle_tooth,1
smug_grin,1
smoking_pipe,1
smoking_cigarette,1
smirking_at_partner,1
smashing,1
smaller_penetrated,1
small_nose,1
small_eyes,1
slot_machine,1
slipping,1
slip_up,1
slide,1
sleigh,1
spa,1
space_marine,1
spaghetti,1
spitting_sound_effect,1
spread_knees,1
spread_fingers,1
spread_butt,1
spray_paint,1
spray_can,1
spotted_paws,1
spotted_breasts,1
spotlight_beam,1
sporran,1
spoolie,1
sploot,1
split_personality,1
split_dress,1
splatter,1
spitting_drink,1
spank_marks,1
spiral_oculama,1
spine,1
spilling_drink,1
spilling,1
spilled_drink,1
spill,1
sphere,1
spelling,1
spell,1
speech_control,1
speaker,1
sparks,1
sparkling_eyes,1
sparklefur,1
sleeves_past_fingers,1
sleeves,1
sleepwalking,1
shower_head,1
silver_tail,1
silhouetted_body,1
silencer,1
silence,1
signpost,1
sign_graphic,1
sidecar,1
side_effect,1
side_blep,1
shrunken_irises,1
shrunk,1
shrine_maiden,1
shrimp_(food),1
shower_room,1
shower_curtain,1
single_strap,1
shower_cap,1
show_me_yours,1
shoulder_rub,1
shoulder_markings,1
shoulder_devil,1
shoulder_bag,1
shoulder_angel,1
shorts_pull,1
shorts_only,1
shorts_down,1
shorter_humanoid,1
shortened_sound_effect,1
short_sleeves,1
short_sleeved_shirt,1
single_glove,1
single_strap_clothing,1
sleepover,1
skiis,1
sleeping_bag,1
sledgehammer,1
slaver,1
slav_squat,1
slapping_self,1
slapping_own_butt,1
slap_mark,1
slanted_eyebrows,1
slab,1
sky_background,1
skullcap,1
skull_mask,1
skull_(marking),1
skirt_only,1
ski_pole,1
single_strap_topwear,1
ski_lift,1
ski_goggles,1
skating,1
skateboarding,1
size_play,1
six_frame_staggered_grid,1
sitting_on_stool,1
sitting_on_sofa,1
sitting_on_rock,1
sitting_on_pillow,1
sitting_on_head,1
sitting_on_desk,1
sitting_on_broom,1
sinking,1
spread_mouth,1
spreader_bar,1
spring_(device),1
sweaty_chest,1
tail_bondage,1
tail_between_buttocks,1
tail_around_leg,1
taco,1
tablet_computer,1
symmetry_(rotational),1
symmetry,1
symbol_swearing,1
symbol-shaped_pupils,1
sword_in_ground,1
swooning,1
switchblade_knife,1
switch_(device),1
swimwear_removed,1
sweater_only,1
tail_fin,1
sushi,1
survival,1
suppressed_weapon,1
supporting_head,1
suplex,1
superhero_costume,1
super_crown,1
sunglasses_on_head,1
sunflower,1
sundae,1
sunburn,1
sun_hat_only,1
summer_dress,1
suggestive_pose,1
tail_bracelet,1
tail_garter,1
suggestive_food,1
taking_notes,1
teal_monochrome,1
teal_line_art,1
teal_hair,1
teacher_and_student,1
tea_party,1
tea_bag,1
tan_tuft,1
tan_paws,1
tan_pants,1
tan_inner_ear,1
tan_butt,1
tan_bottomwear,1
tamer,1
talons,1
taking_cover,1
tail_in_own_mouth,1
tailgasm,1
tailbutt,1
tail_you_traitor,1
tail_warmer,1
tail_torture,1
tail_tied,1
tail_stimulation,1
tail_sock,1
tail_slap,1
tail_sex,1
tail_paint,1
tail_on_stomach,1
tail_insertion,1
ruffled_collar,1
suggestive_gesture,1
sugar,1
squeaking,1
stated_trans,1
stirrup_legwear,1
stirring,1
stick_in_mouth,1
step_pose,1
step_ladder,1
steering,1
steaming,1
steam_locomotive,1
stealth,1
stealing_food,1
steak_in_mouth,1
statue_of_liberty,1
stating_intentions,1
stated_virginity_in_description,1
stated_species,1
stonewall,1
stated_adult,1
startled,1
stars_around_body,1
starry_eyes,1
stargate_(device),1
star_gazing,1
stand_off,1
stake,1
stage_lights,1
stab,1
squint,1
squeeze_tube,1
squean,1
squeal,1
stonehenge,1
strain,1
sucking,1
striped_shoulders,1
submissive_intersex,1
submissive_ambiguous,1
submerged_hand,1
submarine,1
stylus,1
stylized_text,1
stunt_double,1
stuffing,1
studying,1
studio,1
studded_collar,1
striped_underwear,1
striped_topwear,1
striped_thigh_highs,1
striped_panties,1
straps,1
striped_neck,1
striped_legwear,1
striped_hands,1
striped_bra,1
striped_bottomwear,1
striped_armwear,1
striped_arm_warmers,1
string,1
stretching_leg,1
stretching_back,1
stretched_clothing,1
streaming_setup,1
stream_chat,1
strategically_covered,1
ruffling_hair,1
lactating,1
rude,1
ear_chain,1
double_penetration,1
double_shoulder_grab,1
downcast,1
dragged,1
dragons_hoard,1
dreamcatcher,1
dreamy_eyes,1
dressing_up,1
drinking_straw_in_mouth,1
dripping_water,1
drive-in_theater,1
drop,1
drop_shadow,1
droplets,1
dropping_object,1
droste_effect,1
drowning,1
drugged,1
druid,1
drum_set,1
dual_persona,1
duality,1
duct_tape,1
duel,1
duffel_bag,1
dots,1
dot_eyes,1
don't_move,1
disarmed,1
dialogue_box,1
dialogue_with_sound_effects,1
dig,1
digital_clock,1
digitigrade_boots,1
dildo_vibrator,1
ding_(sound),1
dinner_table,1
diplomat,1
dirty_feet,1
disability,1
dish,1
dominant_feral,1
dishes,1
dishonesty,1
dispenser,1
distorted_contour,1
divan,1
dj_table,1
doctor,1
dog_tags,1
doily,1
dolphin_shorts,1
domestic_pet,1
dyed_fur,1
ear_pinch,1
comfortable,1
ear_play,1
emotional_support_animal,1
enchanted_item,1
energy_drink,1
engagement_ring,1
engineer_(profession),1
english_honorific,1
entering,1
entwined_arms,1
envelope,1
erect_nipples,1
espresso_(beverage),1
evening_gown,1
expensive,1
exposed_bone,1
exposed_skull,1
expression_cutaway,1
extended_claws,1
extended_legs,1
eye_bags,1
eye_covering,1
eye_glint,1
eye_markings,1
eye_twitch,1
eyebrow_through_hat,1
eyebrow_through_helmet,1
emoji,1
emblem,1
embers,1
eee,1
ear_pull,1
ear_scar,1
ear_scratches,1
ear_scritches,1
ear_sniffing,1
ear_tug,1
eargasm,1
earpiece_microphone,1
ears_flat,1
eating_baked_goods,1
eating_chicken_meat,1
egg_vibrator,1
embarrassing_nudity,1
eight_frame_image,1
elbow_gloves_only,1
elbow_on_table,1
elbowing,1
electric_shaver,1
electrical_cord,1
electrified,1
element_drop_shadow,1
elevator,1
elf_outfit,1
embarrased_female,1
devious,1
devil_costume,1
detailed_scales,1
detachable_torso,1
costume_party,1
count,1
countershade_crotch,1
countertop,1
course_number,1
court,1
courting,1
couter,1
cove,1
covering_chest,1
covering_erection,1
covering_penis,1
cracking_joints,1
crashing,1
crazy_eyes,1
creature_print,1
crooked_smile,1
crow's_nest,1
crowbar,1
crucifix,1
crumbs,1
crunch,1
crush,1
crushing_sound_effect,1
crystal_necklace,1
cosplay_lolita,1
corn,1
copyright_symbol,1
console,1
comic_panel,1
command_to_allow,1
commanding_viewer,1
commercial,1
competition,1
compression_sound_effect,1
concealed,1
confetti_streamer,1
confident_anthro,1
confident_female,1
connect_the_dots,1
conspiracy,1
cooking_pot,1
construction,1
container_on_head,1
content_repetition,1
contest,1
contextual_arrow,1
control_panel,1
controlled,1
convention_badge,1
convertible,1
cooked_food,1
cookie_jar,1
cuckquean,1
cucumber,1
cuddling_plushie,1
decorated_bow,1
dark_t-shirt,1
dark_text,1
dark_topwear,1
dark_vest,1
darkness,1
dart,1
dead_animal,1
death_from_above,1
debris,1
decapitation,1
deck_(structure),1
defiant,1
dark_scales,1
defloration,1
delinquent,1
denim_shorts,1
dentist,1
derived_sound_effect,1
describing_size,1
detachable_arms,1
detachable_horn,1
detachable_legs,1
detachable_parts,1
detachable_tail,1
dark_side,1
dark_pupils,1
cue_stick,1
curvy_horns,1
cuff_links,1
cuffed_wrists,1
cum_on_own_face,1
cum_on_penis,1
cum_on_self,1
cum_while_penetrated,1
cup_on_head,1
curling_tail,1
currency_amount,1
cursed,1
cursed_object,1
cutie_mark,1
dark_nose,1
cutting_board,1
cutting_wood,1
cyanosis,1
cycling,1
d12,1
d20,1
dad_joke,1
daisy_(flower),1
damaged_clothing,1
danger,1
dangerous,1
eyeless,1
eyes_close-up,1
eyeshadow,1
fruit_picking,1
gentle_giant,1
gentleman,1
gift_giving,1
gift_shop,1
gills,1
gingerbread,1
gingerbread_cookie,1
gingerbread_house,1
giving_directions,1
giving_flower,1
glass_case,1
gliding,1
glistening_balloon,1
glistening_egg,1
glistening_eyewear,1
glistening_fruit,1
glistening_gem,1
glistening_glasses,1
glistening_skin,1
glistening_text,1
glitter,1
glowing_claws,1
glowing_fur,1
glowing_hair,1
glowing_hands,1
genital_torture,1
genital_swap,1
genital_danger_play,1
fwoomph,1
full_house_(card_hand),1
fully_submerged_hand,1
funny_face,1
fur_clothing,1
fur_hat,1
fur_loss,1
fur_trimming,1
fur_vest,1
furgonomic_swimwear,1
furniture_lamp,1
furry_problems,1
g-string,1
gender_reveal,1
game_cartridge,1
game_piece,1
game_show_contestant,1
game_show_host,1
gaming_console,1
gaming_pc,1
gangbang,1
garlic,1
garter_dagger,1
gauntlets,1
gazebo,1
glowing_jewelry,1
glowing_moon,1
glowing_necklace,1
grip,1
green_dress,1
green_feathers,1
green_headgear,1
green_helmet,1
green_scales,1
green_screen,1
green_sweater,1
greeting_card,1
grey_border,1
grey_horn,1
grey_wings,1
gripping_sound_effect,1
green_blanket,1
ground_sign,1
group_hug,1
group_photo,1
growing,1
gui,1
gun_holster,1
gym,1
gym_bag,1
gym_bottomwear,1
gym_shorts,1
gynomorph/female,1
green_bra,1
green_bed_sheet,1
glowing_runes,1
grabbing_from_behind,1
go_fish,1
gold_bangle,1
gold_nugget,1
golden_ring,1
gondola_(boat),1
good_evening,1
good_wishes,1
gopnik,1
gothic_lolita,1
grabbing_both_ears,1
grabbing_ear,1
grabbing_head,1
green_banknote,1
grabbing_own_breast,1
grabbing_shoulders,1
grabbing_wrist,1
gradient,1
grand_piano,1
graphics_card,1
grasping,1
grave,1
greaser,1
great_kilt,1
green_armor,1
fruit_slice,1
frown_eyebrows,1
face_kick,1
frosting,1
feminine,1
feral_on_feral,1
feral_penetrating,1
feral_penetrating_anthro,1
feral_replacement_limb,1
feral_with_hair,1
fetch,1
fierce,1
figurine,1
finger_gun,1
finger_in_mouth,1
finger_on_nose,1
finger_ring,1
fingerguns,1
fingerpads,1
fingers_together,1
fire_eyes,1
fire_iron,1
first_aid,1
first_kiss,1
fish_in_midair,1
fish_meat,1
fisheye_lens,1
fishnet_legwear,1
fitting_room,1
female_penetrating_female,1
female_on_feral,1
female_dominating_male,1
fake_nose,1
face_squish,1
face_torture,1
faceless_feral,1
facial_horn,1
facial_paint,1
facial_piercing,1
facial_spikes,1
fainting_couch,1
fake_blood,1
fake_breasts,1
fake_halo,1
fake_rabbit_tail,1
female/ambiguous,1
fallen_tree,1
fanfiction,1
fans,1
farmer,1
fast,1
fedora,1
feeldoe,1
feet_tied,1
feet_up,1
feline_costume,1
feline_ears,1
fixing,1
fizzing,1
flaccid,1
forced_exposure,1
following,1
food_on_head,1
food_play,1
food_stall,1
foot_bath,1
foot_markings,1
foot_on_foot,1
foot_on_furniture,1
foot_on_sofa,1
footwear_only,1
for_a_head,1
forced_masturbation,1
fly_agaric,1
forced_orgasm,1
forced_undressing,1
foreskin_play,1
forest_fire,1
four_leaf_clover,1
four_row_layout,1
freckled_thighs,1
free_fall,1
fringe_sarong,1
fringe_skirt,1
fringe_topwear,1
folded_clothing,1
flowing_water,1
flail,1
flight_attendant_scarf,1
flaming_eyes,1
flaming_hair,1
flaming_head,1
flaming_sword,1
flap_trouser,1
flashback,1
flashlight,1
flea-ridden,1
flexing_both_biceps,1
flicking,1
flight_attendant_hat,1
flight_attendant_uniform,1
flowers_in_fur,1
flinch,1
flip_flops,1
flip_phone,1
flipping_pancake,1
floating_island,1
floral_shirt,1
floral_t-shirt,1
flower_bouquet,1
flower_in_hat,1
flower_on_head,1
flower_vase,1
comic_con,1
come_on_(interjection),1
gynomorph_penetrating,1
big_pillow,1
basketball_hoop,1
bathing_self,1
bathroom_sink,1
battle,1
battlefield,1
be_gentle,1
beach_blanket,1
beach_chair,1
beach_volleyball,1
beads,1
bearskin_rug,1
beautiful_background,1
bed_hair,1
bedpost,1
bedtime_story,1
before_and_after,1
bell_bow,1
belly_dancer_outfit,1
bellyache,1
belt_only,1
bent_whiskers,1
betrayal,1
between_legs,1
bichrome,1
big_dom_small_sub,1
basketball_court,1
basketball_(ball),1
basketball,1
ballot_stuffing,1
baking_tray,1
balancing_object,1
balancing_on_nose,1
ball_bite,1
ball_fondling,1
ball_in_mouth,1
ball_lick,1
ball_suck,1
balloon_print,1
ballot,1
ballot_box,1
bamboo_tree,1
base_four_layout,1
bangle,1
bar_counter,1
barber,1
barcode_reader,1
barely_visible_character,1
barely_visible_genitalia,1
barely_visible_tail,1
barely_visible_tongue,1
barely_visible_vulva,1
barred_window,1
bartender,1
big_eyes,1
big_snout,1
combination_lock,1
bikini_armor,1
black_tipped_ears,1
black_wings,1
blade_arm,1
bladed_weapon,1
blanked,1
bleeding_out,1
blinded,1
blinking,1
blood_on_bandage,1
blood_on_weapon,1
blood_spray,1
blood_stain,1
blood_sucking,1
bloomers,1
blowup_background,1
blue_bed_sheet,1
blue_bottomwear,1
blue_crystal,1
blue_dress,1
blue_hair_tie,1
blue_hoodie,1
blue_inner_ear,1
blue_inner_ear_fluff,1
blue_jewelry,1
blue_lightsaber,1
black_t-shirt,1
black_skirt,1
black_shorts,1
black_belt,1
bikini_removed,1
bikini_top_removed,1
billiard_ball,1
billiard_table,1
binder_(restraint),1
birth,1
birthday_card,1
biting_hand,1
biting_object,1
biting_sound_effect,1
biting_wire,1
black_camisole,1
black_shoes,1
black_eyewear,1
black_face,1
black_footwear,1
black_gloves,1
black_handwear,1
black_hat,1
black_head,1
black_headwear,1
black_one-piece_swimsuit,1
black_paws,1
black_robe,1
bakeware,1
baguette,1
bad_posture,1
background_shot,1
airborne_object,1
airborne_pillow,1
airport,1
alarm,1
alcohol-free_beer,1
algae,1
alien_planet,1
altered_shadow,1
alternate_breast_size,1
alternate_version_in_description,1
amanita,1
amanitaceae,1
ambiguous_fluids,1
american_flag,1
amogus,1
amputee,1
anal_knotting,1
anal_orgasm,1
anchor,1
andromorph/male,1
angel_costume,1
animal_hood,1
animal_instincts,1
animal_skin,1
animal_skin_rug,1
aiming,1
ahegao,1
agitated,1
absolute_territory,1
1990s_theme,1
2_horns,1
3_panel_comic,1
4_artificial_limbs,1
4_ears,1
7_panel_comic,1
9_panel_comic,1
:>,1
:|,1
a,1
aaaaa,1
absolutely_everything,1
age_restriction,1
abuse,1
achievement,1
acting,1
adjusting_clothing,1
adjusting_hat,1
adjusting_headwear,1
admiration,1
adoption_box,1
advice,1
aftershave,1
age_regression,1
anime_eyes,1
ankle_grab,1
ankle_jewelry,1
aura,1
asian,1
asking_for_help,1
asking_for_name,1
asking_partner,1
ass_to_ass,1
assassin,1
assertive_female,1
atm,1
attached_to_balloon,1
attacking_viewer,1
attic,1
autobot,1
arrow_pointing_to_face,1
autofellatio,1
automated_car_wash,1
avian_feet,1
awake,1
award,1
award_ribbon,1
awesome_face,1
awkward_smile,1
aztec,1
baby_clothing,1
back_massage,1
art_comparison,1
aroused_female,1
announcement,1
arm_by_side,1
anthro_on_feral,1
anthro_to_humanoid,1
anti-gravity,1
apple_tree,1
aquarium,1
architecture,1
arf,1
arm_around_neck,1
arm_around_shoulders,1
arm_around_waist,1
arm_bite,1
arm_cuffs,1
armwear_only,1
arm_hold,1
arm_on_belly,1
arm_on_breasts,1
arm_on_chest,1
arm_on_leg,1
arm_on_stomach,1
arm_on_table,1
arm_stripes,1
arm_wrapping,1
arms_in_front,1
arms_tied,1
blue_pattern,1
blue_pupils,1
blue_ribbon,1
car_wash,1
character_swap,1
character_transformation,1
charity,1
chaub,1
checkered,1
checkers,1
checkout,1
cheek_lick,1
cheek_spikes,1
cheerful,1
cheering,1
cheerleader,1
cherry_tree,1
chess,1
chess_board,1
chess_piece,1
chest_fur,1
chest_grab,1
chest_rub,1
chest_stand,1
chew_toy,1
chewing,1
chili_pepper,1
chin_scratch,1
chip_bag,1
challenge_accepted,1
challenge,1
chainmail,1
cat_costume,1
carefree,1
carhop,1
carnival_game,1
carousel,1
carrying_partner,1
carrying_tail,1
carton,1
cartoon_physics,1
case,1
cast,1
castaway,1
cat_ear_headband,1
cereal_bowl,1
cat_eared_creature,1
cat_headphones,1
catchphrase,1
cats_are_liquid,1
cautious,1
cave_painting,1
cavern,1
ceiling_fan,1
censored_speech,1
cent_sign,1
cereal,1
chocolate_bar,1
chopping_board,1
chopsticks,1
cobblestone,1
clothing_on_ground,1
clothing_on_rock,1
clothing_transformation,1
clover_(plant),1
clover_leaf,1
clown_makeup,1
clutching_stomach,1
cmnf,1
coaster,1
coat_cape,1
coat_only,1
cobondage,1
clothing_cord,1
cock_and_ball_torture,1
cocked_hip,1
cocktail_mixing,1
cocky,1
coffee_pot,1
collaborative,1
collaborative_footjob,1
collaborative_sex,1
color_change,1
colored-in,1
colored-in_version,1
clothing_grab,1
clothing_bow,1
christian_cross,1
claw_pose,1
christian_symbol,1
christmas_bottomwear,1
christmas_ornament,1
christmas_present,1
christmas_stocking,1
chuckling,1
church,1
cigarette_holder,1
cinnamon_(spice),1
classroom_desk,1
claw_growth,1
cleavage_cutout,1
clothing_aside,1
clenched_fingers,1
cliche,1
climbing_window,1
clitoris,1
cloaked,1
cloche,1
clock_tower,1
clone,1
cloning,1
cloth_belt,1
clothed_human_nude_anthro,1
cardboard_cutout,1
car_crash,1
blue_runes,1
caption_box,1
braced_against_chest,1
bracers,1
braided_beard,1
braiding_hair,1
brain,1
bread_loaf,1
breaking_and_entering,1
breaking_door,1
breast_jiggle,1
breast_tuft,1
breastplate,1
breasts_on_planet,1
breathing,1
breeding_request,1
bribe,1
bribery,1
bridal_gauntlets_only,1
bridesmaid,1
bridle,1
briefcase,1
brimmed_hat,1
brisketwear,1
broken_antler,1
broken_arm,1
broken_mask,1
bra_stuffing,1
bra_peek,1
boxer_briefs,1
bone_tail,1
blue_scarf,1
blueprint,1
bluescale,1
board_game,1
body_blush,1
boing,1
bolt_emanata,1
bone_collar_tag,1
bone_in_mouth,1
bone_mask,1
bone_tag,1
bonsai,1
boxed_wine,1
boom,1
booth,1
booth_(structure),1
bottomless_ambiguous,1
bottomless_humanoid,1
bottomless_male,1
boulder,1
bow_(decoration),1
bow_apron,1
bow_bra,1
bowler_hat,1
broken_object,1
broken_statue,1
brooding,1
cactus_juice,1
butt_bow,1
butt_cleavage,1
butt_flap,1
butt_grab,1
butt_hat,1
butt_jiggle,1
butt_markings,1
butt_slap,1
butterknife,1
button_eyes,1
button_pop,1
calendar,1
business_suit,1
calendar_pinup,1
camisole,1
camo,1
can_opener,1
canal,1
candlestick,1
candy_cane_in_mouth,1
candy_wrapping_paper,1
canine_tail,1
canned_drink,1
cannonball_dive,1
buster_sword,1
burning_eyes,1
brown_arms,1
brown_robe,1
brown_belt,1
brown_cape,1
brown_ear_tips,1
brown_face,1
brown_footwear,1
brown_hat,1
brown_headwear,1
brown_line_art,1
brown_markings,1
brown_monochrome,1
brown_pupils,1
brown_rug,1
burning_alive,1
brown_shoes,1
brown_skin,1
brown_tail_tuft,1
brown_tuft,1
bruised_face,1
bubble_bath,1
buffering,1
bukkake,1
bullet,1
bump,1
burn,1
gynomorph/male,1
gynomorph_penetrating_male,1
ruby_(gem),1
past_meets_present,1
painted_background,1
painted_body_writing,1
painted_breasts,1
painted_butt,1
painted_heart,1
painted_markings,1
painted_on_underwear,1
painted_tail,1
pair_of_kings,1
pair_of_threes,1
palm_leaf,1
panties_only,1
panty_theft,1
pantyhose,1
paper_bag,1
paper_lantern,1
parachute,1
paradox,1
park_bench,1
park_ranger,1
parka,1
parking_lot,1
partial_line_speech_bubble,1
partial_nudity,1
partial_shading,1
painted_back,1
painted_arm,1
paintbrush_in_mouth,1
organs,1
open_flap,1
open_hand,1
open_vest,1
optical_illusion,1
oral_masturbation,1
orange_dress,1
orange_jewelry,1
orange_juice,1
orange_shirt,1
orange_t-shirt,1
orange_topwear,1
ouch,1
pained_expression,1
ouija_board,1
out-of-frame_censoring,1
outdoor_shower,1
outer_highlight,1
outstretched_arms,1
outstretched_legs,1
overcast,1
overlay_layer,1
overpass,1
pacifier,1
pain_stars,1
partially_transparent,1
pasta,1
mise_en_abyme,1
patient,1
petted_silly,1
pfft,1
pharaoh,1
phew,1
philip_brown,1
photocopier,1
photographer,1
pickaxe_(minecraft),1
picnic_basket,1
picnic_blanket,1
pile,1
pillar_men_pose,1
pillow_fort,1
pilot,1
pilot_hat,1
pin_accessory,1
pin_button,1
pincers,1
pine_tree,1
pineapple,1
pink_blanket,1
pink_bow,1
pink_boxers,1
pink_fur,1
pink_handwear,1
pet_carrier,1
personality_swap,1
personality_change,1
pawprint_pattern,1
pattern_arm_warmers,1
pattern_armwear,1
pattern_pajamas,1
pattern_panties,1
pattern_stockings,1
pattern_thigh_highs,1
pattern_wall,1
paw_censor,1
paw_pose,1
paw_socks,1
pawn_(chess),1
peach_(fruit),1
personal_space_invasion,1
peanut_(food),1
peanut_butter,1
pebble,1
pegleg,1
pencil,1
penis_between_toes,1
penis_lick,1
penis_riding,1
pentacle,1
pepper_(fruit),1
perineum,1
open_collar,1
open_box,1
open_book,1
open_bathrobe,1
multicolored_topwear,1
multiple_angles,1
multiple_genders,1
mural,1
museum,1
musical_clef,1
musketeer,1
muzzle_(object),1
narration,1
nasal_penetration,1
natural_breasts,1
natural_disaster,1
naughty_smile,1
near_death,1
neck-tie_dress,1
necktie_pull,1
neo-classical_architecture,1
net_stockings,1
neuralyzer,1
ng_on_bed,1
nickname,1
night_vision_goggles,1
nightshirt,1
no_irises,1
no_symbol,1
multicolored_shirt,1
multi_nipple,1
mugging,1
moobs,1
modern_au,1
modest,1
mommy_kink,1
money_bag,1
monotone_butt,1
monotone_footwear,1
monotone_handwear,1
monotone_oven_mitts,1
monotone_shoes,1
monotone_t-shirt,1
monument_sign,1
mop,1
muffin,1
morning_after,1
mortar_and_pestle,1
motivational_poster,1
motorcycle_helmet,1
mount_fuji,1
mounted_gun,1
mounting,1
mousing,1
mouth_mirror,1
movie_theater,1
moving,1
nod,1
non-euclidean_sex,1
northern_basitin,1
on_blanket,1
oh_crap,1
oh_god,1
oh_my,1
oh_shit,1
oil,1
older_ambiguous,1
older_human,1
omg,1
omni-blade,1
omni-tool,1
on_another,1
on_breasts,1
offscreen_human,1
on_ceiling,1
on_chest,1
on_mattress,1
on_phone,1
on_rock,1
on_roof,1
on_top_of,1
one_eye_half-closed,1
one_eye_visible,1
one_fang,1
onesie,1
ogling,1
offscreen_female,1
nose_flick,1
nude_prey,1
nose_horn,1
nose_piercing,1
nose_ring,1
note,1
note_pad,1
notes,1
noticing,1
nout,1
nude_fight,1
nude_painting,1
nude_pred,1
nudging,1
officer,1
nuke,1
nurse_hat,1
nurse_headwear,1
nya,1
o-ring_dress,1
object_motion_path,1
occult_symbol,1
oculama,1
offering_gift,1
offering_to_another,1
offering_touch,1
pink_heart,1
pink_nails,1
pink_oven_mitts,1
putting_on_clothes,1
recliner,1
reclining_on_chair,1
reclining_on_sofa,1
reclining_pose,1
recruitment,1
rectangle_rug,1
recursion,1
red_bed_sheet,1
red_bedding,1
red_bikini_bottom,1
red_bikini_top,1
red_carpet,1
red_cloak,1
red_cushion,1
red_emanata,1
red_face_paint,1
red_facial_markings,1
red_feathers,1
red_gloves,1
red_handwear,1
red_lightsaber,1
red_line_art,1
red_markings,1
red_miniskirt,1
red_necktie,1
recent,1
receipt,1
rebirth,1
rag,1
puzzle,1
pwned,1
pyramid,1
quad_skates,1
quarterstaff,1
queen_of_spades,1
questionable_intent,1
rabbit_fursuit,1
radial_engine,1
radiator,1
rafters,1
raised_finger,1
rebel_starbird,1
raised_hackles,1
raised_surface_support,1
rapier,1
rappelling,1
rate,1
rauru's_arm,1
raw_meat,1
razor,1
razor_blade,1
reaching_for_object,1
reassuring,1
red_outerwear,1
red_sclera,1
red_towel,1
roller_skates,1
riding_motorcycle,1
right-hand_drive,1
roasting_spit,1
robe_only,1
robotic_arm,1
rock_(genre),1
rocket,1
rocket_ship,1
rocking_chair,1
roll_cake,1
rolled_up_newspaper,1
romanesque_architecture,1
ribbed_sweater,1
romantic_confession,1
rook_(chess),1
rope_pull,1
round_glasses,1
round_window,1
rowing,1
royal_dancer_pose,1
rubbing_butt,1
rubbing_hands,1
rubbing_sound_effect,1
rubbing_tail,1
ribbon_only,1
ribbed_clothing,1
red_wings,1
remake,1
reeds,1
reference_guide,1
reference_to_character,1
references,1
reflection_in_eyes,1
refusing,1
regalia,1
reins,1
relationship,1
religion,1
religious_symbol,1
remote_controlled_vibrator,1
rib_cage,1
removing_mask,1
repeated_dialogue,1
reporting,1
rescue_buoy,1
resisting,1
resting,1
restrained_arms,1
restraining_table,1
retracted_foreskin,1
reverse_cowgirl_position,1
revolver,1
putting_on_socks,1
pushing_object,1
pink_paws,1
purple_underwear,1
pointing_back,1
pointing_gun,1
pointing_up,1
pointing_weapon,1
poison,1
pokemon_speak,1
poking_pawpads,1
police_officer_eating_donut,1
polishing,1
polite,1
polka_dot_bikini,1
polka_dots,1
polo_shirt,1
polygonal_thought_bubble,1
pom_poms,1
pompadour,1
poncho,1
ponification,1
poof_effect,1
pool_chair,1
pop_out_cake,1
popsicle,1
porn_dialogue,1
posing_for_picture,1
possessive,1
pointing_at_viewer,1
pointing_at_face,1
pointing_at_belly,1
plant_dress,1
pink_scales,1
pink_toe_claws,1
pink_topwear,1
pinned_arms,1
pinned_to_ground,1
pinned_to_wall,1
pipe,1
pity,1
pixelated,1
planchette,1
plant_clothing,1
platform,1
podium,1
playboy_bunny,1
playground,1
playing_board_game,1
playing_card_template,1
playing_game,1
playing_saxophone,1
playing_trumpet,1
pleated_skirt,1
plot_twist,1
plumbob,1
plushophilia,1
potato_costume,1
pouches,1
pouring_liquid,1
puppyplay,1
psychedelic_background,1
psychologist,1
public_humiliation,1
public_shower,1
puffed_cheeks,1
pulling_from_hat,1
pulling_hair,1
pulling_lever,1
pumpkin_head,1
punishment,1
puppet,1
purple_bedding,1
pseudo_hair,1
purple_bikini,1
purple_bra,1
purple_dress,1
purple_feathers,1
purple_jewelry,1
purple_necklace,1
purple_panties,1
purple_pillow,1
purple_scales,1
purple_swimwear,1
purple_text_border,1
psychedelic,1
protest,1
powering_up,1
priest,1
praising,1
pregnancy_test,1
pregnant_human,1
prehensile_feet,1
presentation,1
presenting_breasts,1
presenting_partner,1
presenting_vulva,1
price,1
price_listing,1
price_tag,1
princess_dress,1
prosthetic_tail,1
print_container,1
print_hat,1
print_headgear,1
print_headwear,1
print_pajamas,1
printer,1
prison_bars,1
prize,1
prohibition_sign,1
propeller,1
propositioning,1
mismatched_socks,1
mirrored_text,1
hacker,1
holding_purse,1
holding_handheld_game_console,1
holding_hoe,1
holding_horn,1
holding_ice_cream,1
holding_laugh,1
holding_macuahuitl,1
holding_map,1
holding_marker,1
holding_match,1
holding_menu,1
holding_mop,1
holding_note_pad,1
holding_orange,1
holding_own_foot,1
holding_own_head,1
holding_own_leg,1
holding_paint_palette,1
holding_pan,1
holding_pants,1
holding_parasol,1
holding_person,1
holding_photo,1
holding_pistol,1
holding_pitchfork,1
holding_plate,1
holding_handgun,1
holding_grapes,1
holding_gift,1
holding_cane,1
holding_bar,1
holding_beer,1
holding_binoculars,1
holding_both_ears,1
holding_bottomwear,1
holding_bow_(weapon),1
holding_bread,1
holding_butt,1
holding_cake,1
holding_calf,1
holding_camera,1
holding_chalk,1
holding_frying_pan,1
holding_chopsticks,1
holding_cigarette,1
holding_coin,1
holding_comb,1
holding_crowbar,1
holding_dagger,1
holding_ear,1
holding_egg,1
holding_feather,1
holding_feather_duster,1
holding_fishing_rod,1
holding_plushie,1
holding_sack,1
mirror_image,1
holding_scepter,1
hot_tub,1
hot_water_bottle,1
hourglass_(object),1
hugging_plushie,1
hula_dancer,1
human_and_animal_ears,1
human_on_feral,1
human_shield,1
humanoid_ears,1
humanoidized,1
hunched_over,1
hungry,1
hurricane,1
hypnosis,1
ice_cream_cone,1
iceberg,1
icepack,1
icing_bag,1
ignorance,1
iliac_crest,1
illusionist,1
ily_sign,1
imminent_attack,1
imminent_bite,1
imminent_death_by_snu_snu,1
hot_dog,1
hospital_bed,1
hose,1
holding_torch,1
holding_scissors,1
holding_screwdriver,1
holding_scroll,1
holding_shield,1
holding_skateboard,1
holding_snowball,1
holding_spoon,1
holding_spray_can,1
holding_tea_cup,1
holding_teapot,1
holding_toothbrush,1
holding_tube,1
horror_(theme),1
holding_waist,1
holding_with_foot,1
holocron,1
holster,1
honeymoon,1
hood_over_eyes,1
hoping,1
horn_accessory,1
hornband,1
hornet's_needle,1
horrified,1
hoe,1
hoarding,1
hoard,1
hitting_ground,1
hand_on_own_chest,1
hand_on_own_waist,1
hand_on_partner,1
hand_on_shin,1
hand_on_wall,1
hand_size_difference,1
hand_under_butt,1
hand_under_head,1
hand_waving,1
handbag,1
handcuffed,1
handjob,1
handkerchief,1
handprint_(marking),1
hands-free,1
hands_behind_own_head,1
hands_in_water,1
hands_on_another's_shoulders,1
hands_on_furniture,1
hands_on_knees,1
hands_on_legs,1
hands_on_own_breasts,1
hands_on_tail,1
hands_up,1
hanging_by_feet,1
hand_on_own_calf,1
hand_on_own_butt,1
hand_on_muzzle,1
halloween_bucket,1
hai,1
hair_boner,1
hair_censor,1
hair_on_breasts,1
hair_over_shoulder,1
hair_sticks,1
hair_trimming,1
hairball,1
haircut,1
hairpin,1
hakama,1
halter,1
hand_on_hat,1
halter_top,1
hand_fan,1
hand_lick,1
hand_markings,1
hand_on_another's_chest,1
hand_on_another's_tail,1
hand_on_arm,1
hand_on_calf,1
hand_on_chin,1
hand_on_ears,1
hand_on_hand,1
hanging_by_mouth,1
hanging_by_wrists,1
hanging_lantern,1
hev_suit,1
hearts_(suit),1
heat_lamp,1
hedge_maze,1
height_teasing,1
height_theme,1
heist,1
helmet_only,1
helping_hand,1
helping_up,1
henchmen,1
herm,1
hidden_eyes,1
heart_pillow,1
hidden_genitals,1
hiding_behind_another,1
hiding_behind_bed,1
hiding_tail,1
high_school,1
hind_toe,1
hindwear,1
hip_fins,1
hip_markings,1
hip_sway,1
hissing,1
heart_tongue,1
heart_pair,1
hanging_on_partner,1
head_on_butt,1
hanging_plant,1
hanging_sign,1
happy_halloween,1
hardlight,1
hatch,1
hatchet,1
hatching_from_egg,1
hay_bale,1
hay_in_mouth,1
head_hit,1
head_lick,1
head_scratch,1
heart_on_body,1
head_stuck,1
head_tail,1
head_torture,1
headbanging,1
healing,1
heart_as_word,1
heart_body_writing,1
heart_box,1
heart_container,1
heart_font,1
heart_nose,1
imminent_pounce,1
imminent_rake,1
imminent_vore,1
legume,1
locomotive,1
loli,1
long_beard,1
long_dress,1
long_fangs,1
looking_at_back,1
looking_at_cake,1
looking_at_card,1
looking_at_own_breasts,1
looking_at_own_foot,1
looking_at_own_genitalia,1
looking_down_at_self,1
looking_for_someone,1
looking_offscreen,1
looking_out_window,1
looking_over_glasses,1
looking_over_sunglasses,1
looking_through_binoculars,1
looking_under,1
loose_footwear,1
loose_fur,1
losing,1
lost,1
love_letter,1
love_potion,1
lockpicking_tools,1
lockpick,1
location_in_dialogue,1
light_bottomwear,1
lepidopteran_wings,1
lesson,1
lever,1
lewd_(text),1
licking_cum,1
licking_floor,1
licking_own_nose,1
lifeguard,1
lifting_another,1
lifting_mask,1
light_balls,1
light_clothing,1
localized_pointy_speech_bubble,1
light_eyes,1
light_feet,1
light_penis,1
light_pussy,1
light_through_window,1
lighthouse,1
lighting_cigarette,1
lightsaber,1
limb_swapping,1
lint_roller,1
list,1
luchador,1
lunch,1
lunch_tray,1
meta_humor,1
measurements,1
medical,1
medical_sling,1
medieval,1
megaphone,1
meh,1
melanistic,1
memories,1
memphis_design,1
menu_board,1
meta,1
metal,1
matchstick,1
micro_anthro,1
microphone_stand,1
microwave_oven,1
miko_outfit,1
milk_carton,1
milk_container,1
milkbone_(food),1
mind_rape,1
mind_reading,1
minidress,1
minor_wound,1
meal,1
match,1
lurking_skeleton,1
male_on_feral,1
lustful_gaze,1
lying_on_branch,1
lying_on_car,1
lying_on_grass,1
machete,1
macuahuitl,1
magic_act,1
magic_object,1
magical_barrier,1
majora's_mask_(item),1
making_out,1
mantle,1
mat,1
marble,1
marble_floor,1
marker,1
martial_arts_uniform,1
mashed_potatoes,1
mask_(marking),1
mask_on_head,1
masquerade_mask,1
massacre,1
mast,1
mastery_position,1
leopard_costume,1
legs_behind_head,1
impact_lines,1
legs_around_partner,1
inside_underwear,1
instinct,1
insulting_partner,1
insulting_viewer,1
intentional_self_transformation,1
internal_dialogue,1
intersex/female,1
intersex_penetrating,1
intersex_penetrating_male,1
interspecies_pregnancy,1
intraspecies_bestiality,1
inviting_to_sex,1
japanese,1
jetski,1
journal,1
judge,1
jug,1
jukebox,1
july_(month),1
junkpile,1
karaoke,1
karma,1
kart,1
katakana,1
kemono,1
inside_train,1
inside_clothing,1
insert,1
in_hand,1
impersonation,1
implied_nudity,1
implied_oviposition,1
implied_permanent,1
impossible_cube,1
impossible_geometry,1
impregnation_request,1
in_boat,1
in_box,1
in_denial,1
in_glass,1
in_pool,1
inquisitor,1
inconvenient_tail,1
ineffective_censorship,1
infidelity,1
infiltrator,1
infinity_symbol,1
information,1
information_box,1
information_label,1
ink_bottle,1
inkwell,1
innocence,1
ketchup_bottle,1
kettle,1
kettlebell,1
leaf_print_clothing,1
laser,1
lasso,1
laughing_at,1
lava,1
lawn_mower,1
lawyer,1
leaf_clothing,1
leaf_dress,1
leaf_pile,1
leaf_print,1
leaf_print_bottomwear,1
leaf_print_skirt,1
landline_phone,1
leaning_on_desk,1
leaning_on_tree,1
leash_pull,1
leather_coat,1
lecture_hall,1
left-handed,1
leg_between_thighs,1
leg_stretch,1
leg_stripes,1
leg_support,1
leg_warmers,1
larger_penetrated,1
ladle,1
keyhole,1
kitchen_sink,1
keyhole_turtleneck,1
khopesh,1
kicking_face,1
kilt,1
king_(chess),1
king_of_hearts,1
kiss_the_cook,1
kissing_sound_effect,1
kissing_under_mistletoe,1
kissy_face,1
kitchen_gloves,1
kittyplay,1
1960s_theme,1
kneading,1
kneading_breast,1
knee_boots,1
knee_guards,1
knob,1
komorebi,1
krystal's_suit,1
kusarigama,1
kyah,1
label,1
laboratory,1
ಠ_ಠ,1
